1.57667,0.591216216,3.733333333,0.99
1.82409,2.434928631,3.666666667,1
0.53617,-0.368852459,3.766666667,1.05
0.1534,-1.234060058,3.833333333,1.14
-1.3984,-0.374843815,4.666666667,1.17
-0.36589,-0.919732441,5.866666667,1.17
1.11559,-0.126582278,6.7,1.043333333
-0.94318,-0.675961132,6.966666667,1.076666667
3.9624,0.59549128,6.4,1.103333333
2.99796,1.77589852,5.566666667,1.153333333
3.83835,1.78645617,4.633333333,1.22
1.74413,3.591836735,4.233333333,1.336666667
1.25583,2.127659574,3.5,1.366666667
1.6453,-0.038580247,3.1,1.49
1.97302,0.964878425,3.166666667,1.603333333
0.16928,1.108562691,3.366666667,1.61
1.00113,0.037807183,3.066666667,1.566666667
0.11022,0.831443689,2.966666667,1.646666667
0.66774,0.037481259,3.233333333,1.783333333
3.24991,-0.187336081,2.833333333,1.893333333
1.85373,0.187687688,2.7,1.98
0.75391,0.374672162,2.566666667,2.153333333
-0.60987,0.597237775,2.733333333,1.956666667
-1.59555,-0.037105751,3.7,1.473333333
-0.47828,-0.296956199,5.266666667,1.06
0.12536,0,5.8,0.79
1.12119,-0.521221147,5.966666667,0.883333333
1.98273,0.187125749,5.333333333,1.02
2.83987,0.074710497,4.733333333,1.223333333
1.64076,-0.111982083,4.4,1.483333333
1.32731,0.224215247,4.1,1.856666667
0.55675,0.037285608,4.233333333,2.336666667
-0.45733,0.372717108,4.033333333,2.326666667
0.78341,1.336799109,4.2,2.566666667
-0.12577,0.806156101,4.133333333,2.583333333
1.62091,0.581606688,4.133333333,3.033333333
0.61268,0.939645826,3.933333333,3.096666667
-0.24155,0.930898675,4.1,3.14
0.95873,0.461156438,4.233333333,3.353333333
-1.05763,1.129943503,4.933333333,3.31
-2.74447,1.047486034,6.3,1.756666667
0.61193,-0.172771251,7.366666667,0.956666667
2.31614,0.069228107,7.333333333,1.68
2.3049,0.345901072,6.366666667,2.69
2.00247,-0.103412616,5.833333333,2.773333333
2.49421,0.586611456,5.1,3
-0.1193,0.686106346,5.266666667,3.54
0.34945,0.068143101,5.6,4.23
2.21902,0.578821927,5.133333333,3.873333333
-0.46846,0.033852404,5.233333333,2.993333333
0.16329,0.676818951,5.533333333,2.36
-1.29064,0.302521008,6.266666667,2.306666667
0.59226,-0.100536193,6.8,2.35
1.85345,0.36900369,7,2.303333333
1.60316,0.200534759,6.766666667,2.303333333
2.01528,0.200133422,6.2,2.46
1.77773,0.565912117,5.633333333,2.723333333
1.09805,0.033101622,5.533333333,2.716666667
0.92041,0.529450695,5.566666667,2.84
0.2427,0.197498354,5.533333333,2.813333333
1.29852,0.131406045,5.766666667,2.906666667
1.24528,0.688976378,5.733333333,2.94
1.8654,0.195503421,5.5,3.293333333
0.75739,0.617886179,5.566666667,3.496666667
2.21959,0.032320621,5.466666667,3.53
1.14199,0.226171244,5.2,3.476666667
1.34968,0.322372663,5,3.496666667
0.27684,0.514138817,4.966666667,3.683333333
2.42647,0.319693095,4.9,3.89
1.34769,0.63734863,4.666666667,3.873333333
2.00903,0.221659278,4.366666667,3.866666667
2.38396,0.726698262,4.1,4.166666667
2.42494,1.254705144,3.866666667,4.61
0.33233,0.526641884,3.833333333,4.586666667
0.65553,1.232665639,3.766666667,5.043333333
0.80692,0.152207002,3.7,5.21
0.87707,0.607902736,3.833333333,4.513333333
0.02082,0.906344411,3.833333333,3.66
0.79463,0.898203593,3.8,4.3
0.76008,1.18694362,3.9,4.753333333
2.03993,0.879765396,3.733333333,5.05
1.68363,1.453488372,3.566666667,5.52
0.68182,1.146131805,3.533333333,5.196666667
0.43235,1.133144476,3.4,5.586666667
1.5627,1.680672269,3.4,6.093333333
0.2908,1.377410468,3.433333333,6.196666667
0.63041,1.358695652,3.566666667,7.023333333
-0.47076,1.608579088,3.566666667,7.353333333
-0.157,1.583113456,4.166666667,7.21
0.18111,1.038961039,4.766666667,6.676666667
0.88648,1.285347044,5.166666667,6.326666667
-1.06608,1.269035533,5.833333333,5.353333333
2.72022,0.501253133,5.933333333,3.84
0.56568,1.246882793,5.9,4.25
0.79509,0.738916256,6.033333333,5.01
0.27749,0.733496333,5.933333333,4.23
1.77233,0.72815534,5.766666667,3.436666667
2.34389,0.722891566,5.7,3.77
0.9538,0.956937799,5.566666667,4.22
1.63368,1.184834123,5.366666667,4.863333333
2.5258,2.341920375,4.933333333,5.7
1.15011,1.14416476,4.933333333,6.603333333
-0.535,3.167420814,4.8,8.323333333
0.94932,2.631578947,4.766666667,7.5
-0.88076,2.777777778,5.133333333,7.616666667
0.25572,2.494802495,5.2,8.153333333
-0.99367,3.448275862,5.633333333,8.19
-0.39433,2.549019608,6.6,7.36
-1.22379,1.338432122,8.266666667,5.75
0.76132,1.886792453,8.866666667,5.393333333
1.67031,1.666666667,8.466666667,6.33
1.29785,1.639344262,8.3,5.626666667
2.24781,0.537634409,7.733333333,4.916666667
0.74923,1.604278075,7.566666667,5.156666667
0.48867,1.578947368,7.733333333,5.15
0.72354,1.381692573,7.766666667,4.673333333
1.15412,2.214650767,7.5,4.63
1.96782,1.333333333,7.133333333,4.84
1.77261,1.315789474,6.9,5.496666667
-0.02069,1.785714286,6.666666667,6.11
0.34087,1.913875598,6.333333333,6.393333333
3.85855,2.503912363,6,6.476666667
0.97562,2.442748092,6.033333333,7.313333333
1.31394,2.086438152,5.9,8.57
0.1671,3.065693431,5.866666667,9.383333333
0.09383,3.399433428,5.7,9.376666667
0.71624,3.01369863,5.866666667,9.673333333
0.27476,3.723404255,5.966666667,11.84333333
0.32162,3.717948718,6.3,13.35333333
-2.07079,2.101359703,7.333333333,9.616666667
-0.18603,2.542372881,7.666666667,9.153333333
1.83268,2.951593861,7.4,13.61333333
2.05668,2.178899083,7.433333333,14.39
-0.80114,2.693602694,7.4,14.90666667
1.20771,2.076502732,7.4,15.05333333
-1.25359,1.070663812,8.233333333,11.75
-1.65472,0.63559322,8.833333333,12.81333333
0.54044,2.631578947,9.433333333,12.42
-0.38627,0.615384615,9.9,9.316666667
0.07891,-0.203873598,10.66666667,7.906666667
1.23605,0.919305414,10.36666667,8.106666667
2.22273,1.012145749,10.13333333,8.396666667
1.95278,1.002004008,9.366666667,9.14
2.046,1.28968254,8.533333333,8.8
1.92102,1.175318315,7.866666667,9.17
1.71178,0.774443369,7.433333333,9.796666667
0.96715,0.960614793,7.433333333,10.32
0.81081,0.570884872,7.3,8.803333333
0.93924,1.229895932,7.233333333,8.183333333
0.84312,0.654205607,7.3,7.46
1.54999,0.742804085,7.2,7.106666667
0.75609,1.290322581,7.033333333,7.166666667
0.95631,-1.091901729,7.033333333,6.896666667
0.40092,0.735970561,7.166666667,6.14
0.95952,0.639269406,6.966666667,5.523333333
0.48218,1.08892922,6.833333333,5.353333333
0.55289,1.166965889,6.6,5.536666667
1.05779,0.976042591,6.266666667,5.656666667
0.86355,1.054481547,6,6.043333333
1.69658,0.869565217,5.833333333,5.863333333
0.51594,1.034482759,5.7,5.723333333
1.27615,1.109215017,5.466666667,6.21
0.51496,1.181434599,5.466666667,7.01
1.32644,1.084236864,5.333333333,7.726666667
0.93449,1.567656766,5.2,8.54
0.74547,1.137286759,5.233333333,8.41
0.78997,0.722891566,5.233333333,7.843333333
0.21804,1.674641148,5.366666667,7.653333333
1.03925,1.098039216,5.3,7.76
0.39665,1.241272304,5.333333333,7.746666667
-0.00151,2.222222222,5.7,7.476666667
-0.88,0.974512744,6.133333333,6.99
-0.4856,0.296956199,6.6,6.023333333
0.67266,0.814211695,6.833333333,5.56
0.42036,0.734214391,6.866666667,5.376666667
0.39124,0.801749271,7.1,4.54
1.09167,0.795372379,7.366666667,3.893333333
1.05694,0.789096126,7.6,3.68
1.02654,0.854092527,7.633333333,3.083333333
1.04686,0.776287932,7.366666667,3.07
0.18361,0.700280112,7.133333333,2.96
0.63775,0.486787204,7.066666667,2.966666667
0.52502,0.761245675,6.8,3.003333333
1.31195,0.480769231,6.633333333,3.06
0.96883,0.615174299,6.566666667,3.243333333
1.35857,0.815217391,6.2,3.986666667
0.64204,0.673854447,6,4.476666667
1.10448,0.736278447,5.633333333,5.28
0.24502,0.863787375,5.466666667,5.736666667
0.21473,0.527009223,5.666666667,5.596666667
0.83694,0.589777195,5.666666667,5.366666667
0.6948,0.781758958,5.566666667,5.26
0.68267,0.904977376,5.533333333,4.93
1.71401,0.576553491,5.5,5.02
0.86609,0.76433121,5.266666667,5.096666667
1.08567,0.758533502,5.333333333,4.976666667
0.76617,0.313676286,5.233333333,5.06
1.47176,0.312695435,5,5.046666667
1.2473,0.685785536,4.866666667,5.046666667
0.76426,0.309597523,4.666666667,5.09
0.94024,0.12345679,4.633333333,5.053333333
0.8952,0.616522811,4.4,4.976666667
1.31084,0.428921569,4.533333333,4.823333333
1.71616,0.488102502,4.433333333,4.253333333
0.88688,0.72859745,4.3,4.406666667
0.77867,0.482218204,4.266666667,4.453333333
1.26364,0.839832034,4.233333333,4.65
1.78019,0.713860797,4.066666667,5.043333333
0.26105,0.945067927,4.033333333,5.52
1.93186,1.053247513,3.933333333,5.713333333
0.08357,0.694846555,4,6.016666667
0.59,0.977573318,3.9,6.016666667
-0.33027,0.455580866,4.233333333,4.816666667
0.6536,0.566893424,4.4,3.66
-0.27454,0.112739572,4.833333333,3.17
0.35258,0.056306306,5.5,1.906666667
0.8552,0.900393922,5.7,1.723333333
0.5292,0.390407139,5.833333333,1.716666667
0.49846,0.666666667,5.733333333,1.643333333
0.02064,0.772626932,5.866666667,1.333333333
0.40435,0.328587076,5.866666667,1.156666667
0.79444,0.272925764,6.133333333,1.04
1.66223,0.653238977,6.133333333,0.93
0.89545,0.757166036,5.833333333,0.916666667
0.70174,0.590445518,5.7,0.916666667
0.70822,0.90715048,5.6,1.076666667
0.73185,0.898995241,5.433333333,1.486666667
0.86389,0.419287212,5.433333333,2.006666667
0.99286,1.096033403,5.3,2.536666667
0.42531,0.619514713,5.1,2.863333333
0.75675,2.154951257,4.966666667,3.36
0.51546,0.050226017,4.966666667,3.826666667
1.30328,0.702811245,4.733333333,4.393333333
0.35956,1.146560319,4.633333333,4.703333333
0.02664,-0.542138985,4.633333333,4.906666667
0.7282,0.778989098,4.433333333,4.903333333
0.29986,1.272053183,4.5,4.983333333
0.79134,0.82152273,4.5,4.736666667
0.88318,0.684802866,4.633333333,4.303333333
0.52515,1.507607391,4.8,3.39
-0.18226,0.886323477,4.966666667,2.043333333
0.36144,2.333423631,5.3,1.626666667
-0.67814,-1.036047138,6.033333333,1.493333333
-1.38048,-2.247362013,6.966666667,0.296666667
-1.6612,0.401492742,8.166666667,0.213333333
-0.18512,0.922888962,9.266666667,0.173333333
0.55298,0.737053833,9.633333333,0.156666667
1.35131,0.568504832,10.03333333,0.056666667
