observation_date,CPIAUCSL
1/1/1948,13.76103422
2/1/1948,-0.506863788
3/1/1948,-8.649602851
4/1/1948,16.23017133
5/1/1948,9.533815567
6/1/1948,6.976763839
7/1/1948,12.35850264
8/1/1948,1.474503565
9/1/1948,-3.443330914
10/1/1948,-2.465585416
11/1/1948,-7.427298314
12/1/1948,-5.476051818
1/1/1949,-1.997503582
2/1/1949,-5.008354516
3/1/1949,0
4/1/1949,0.501777135
5/1/1949,-0.501777135
6/1/1949,0.501777135
7/1/1949,-11.08785713
8/1/1949,0
9/1/1949,2.528978807
10/1/1949,-4.048928346
11/1/1949,1.519949538
12/1/1949,-4.565636452
1/1/1950,-5.093386255
2/1/1950,5.093386255
3/1/1950,1.523809729
4/1/1950,0.50750688
5/1/1950,6.073399721
6/1/1950,5.540408583
7/1/1950,9.509955925
8/1/1950,6.463657641
9/1/1950,6.922145276
10/1/1950,7.86243599
11/1/1950,4.887990465
12/1/1950,18.39487411
1/1/1951,19.06314911
2/1/1951,21.09017379
3/1/1951,2.32063503
4/1/1951,1.853282222
5/1/1951,3.236372603
6/1/1951,-2.773498923
7/1/1951,-0.925925972
8/1/1951,-2.317945476
9/1/1951,7.862814795
10/1/1951,5.978169099
11/1/1951,7.317095842
12/1/1951,6.819491738
1/1/1952,-0.907029522
2/1/1952,-1.816118394
3/1/1952,-0.909090953
4/1/1952,3.178809806
5/1/1952,0.453429063
6/1/1952,2.716982293
7/1/1952,6.765663477
8/1/1952,0.449690843
9/1/1952,-2.700676309
10/1/1952,2.700676309
11/1/1952,0
12/1/1952,0.898876447
1/1/1953,-3.14901774
2/1/1953,-2.254368501
3/1/1953,1.803833485
4/1/1953,2.700676309
5/1/1953,0.449522388
6/1/1953,3.141950551
7/1/1953,0.896191229
8/1/1953,2.684564878
9/1/1953,1.786379191
10/1/1953,2.674592489
11/1/1953,-4.46097168
12/1/1953,0.893522007
1/1/1954,3.122098026
2/1/1954,2.225107257
3/1/1954,-2.670624248
4/1/1954,-3.123258874
5/1/1954,3.123258874
6/1/1954,0.44551699
7/1/1954,-3.568775865
8/1/1954,-0.446844168
9/1/1954,-1.789042448
10/1/1954,-4.035124295
11/1/1954,2.691589913
12/1/1954,-0.448179277
1/1/1955,0
2/1/1955,2.239224386
3/1/1955,-1.343033156
4/1/1955,0
5/1/1955,-0.896191229
6/1/1955,-2.692596492
7/1/1955,2.244249766
8/1/1955,-1.79506391
9/1/1955,5.824166744
10/1/1955,-1.341531722
11/1/1955,2.681565362
12/1/1955,-0.446511633
1/1/1956,-1.787709828
2/1/1956,1.341031989
3/1/1956,1.339535023
4/1/1956,1.783723851
5/1/1956,4.447744158
6/1/1956,5.31562331
7/1/1956,6.171946008
8/1/1956,0.879120918
9/1/1956,1.756312059
10/1/1956,6.999655282
11/1/1956,0
12/1/1956,5.223076799
1/1/1957,1.735985836
2/1/1957,5.624672277
3/1/1957,2.587137186
4/1/1957,3.011293927
5/1/1957,3.003756262
6/1/1957,4.705049692
7/1/1957,3.410304249
8/1/1957,3.825043083
9/1/1957,1.696113357
10/1/1957,0
11/1/1957,3.807512449
12/1/1957,2.531646509
1/1/1958,7.144128963
2/1/1958,2.511336808
3/1/1958,7.087045091
4/1/1958,2.906073034
5/1/1958,0
6/1/1958,-1.24459821
7/1/1958,-0.83044986
8/1/1958,2.07504807
9/1/1958,-1.24459821
10/1/1958,0
11/1/1958,1.659177589
12/1/1958,0.828729315
1/1/1959,1.655743622
2/1/1959,-0.413721776
3/1/1959,-1.242021846
4/1/1959,0.414150134
5/1/1959,2.481903677
6/1/1959,2.889081361
7/1/1959,1.647786047
8/1/1959,1.234356358
9/1/1959,2.8752367
10/1/1959,4.095567115
11/1/1959,0
12/1/1959,2.45064755
1/1/1960,-1.633208826
2/1/1960,1.633208826
3/1/1960,0
4/1/1960,5.292629445
5/1/1960,1.218068113
6/1/1960,1.622169899
7/1/1960,-2.434077914
8/1/1960,2.434077914
9/1/1960,0
10/1/1960,5.660387854
11/1/1960,1.209474317
12/1/1960,1.208256521
1/1/1961,1.207041175
2/1/1961,0
3/1/1961,0
4/1/1961,-1.207041175
5/1/1961,1.207041175
6/1/1961,0
7/1/1961,3.212853325
8/1/1961,0.801871062
9/1/1961,1.60213642
10/1/1961,0
11/1/1961,0
12/1/1961,1.200200133
1/1/1962,1.199000932
2/1/1962,2.793018717
3/1/1962,2.388852813
4/1/1962,1.589930673
5/1/1962,1.191067095
6/1/1962,-1.191067095
7/1/1962,0.397153735
8/1/1962,2.38016607
9/1/1962,5.535429914
10/1/1962,-1.578947596
11/1/1962,0
12/1/1962,0
1/1/1963,2.367642991
2/1/1963,1.57583739
3/1/1963,1.180521492
4/1/1963,-1.180521492
5/1/1963,1.180521492
6/1/1963,3.926705074
7/1/1963,3.132138809
8/1/1963,2.343750745
9/1/1963,-1.171303168
10/1/1963,1.171303168
11/1/1963,1.17016099
12/1/1963,3.892316095
1/1/1964,2.329343986
2/1/1964,-1.164106801
3/1/1964,1.164106801
4/1/1964,0.387784783
5/1/1964,1.16260303
6/1/1964,1.161477748
7/1/1964,0.386909563
8/1/1964,1.159980757
9/1/1964,1.158860544
10/1/1964,1.543408573
11/1/1964,3.465428367
12/1/1964,1.53698388
1/1/1965,1.151447394
2/1/1965,0
3/1/1965,1.150343593
4/1/1965,2.67985436
5/1/1965,3.818011493
6/1/1965,4.945323214
7/1/1965,-1.13942088
8/1/1965,-1.140503808
9/1/1965,2.659491353
10/1/1965,1.137980171
11/1/1965,3.785492098
12/1/1965,3.773588015
1/1/1966,1.129766285
2/1/1966,7.504714892
3/1/1966,3.734830279
4/1/1966,3.723242205
5/1/1966,2.599413054
6/1/1966,1.112312763
7/1/1966,2.591393881
8/1/1966,7.373295087
9/1/1966,3.669727631
10/1/1966,3.658539419
11/1/1966,1.095390309
12/1/1966,1.458966745
1/1/1967,-0.729261645
2/1/1967,3.641884434
3/1/1967,0
4/1/1967,3.6308651
5/1/1967,0
6/1/1967,7.228937524
7/1/1967,3.598203596
8/1/1967,3.587446618
9/1/1967,3.576753766
10/1/1967,3.566124467
11/1/1967,7.100612434
12/1/1967,3.534612276
1/1/1968,3.524231608
2/1/1968,3.513911735
3/1/1968,3.503652124
4/1/1968,3.493452249
5/1/1968,3.48331159
6/1/1968,6.936435499
7/1/1968,6.896570707
8/1/1968,3.433478737
9/1/1968,3.423682779
10/1/1968,6.818200161
11/1/1968,3.394627441
12/1/1968,6.760581262
1/1/1969,3.366061113
2/1/1969,3.356645545
3/1/1969,10.01396632
4/1/1969,6.629851118
5/1/1969,3.301240046
6/1/1969,6.575358918
7/1/1969,6.539525721
8/1/1969,3.256447046
9/1/1969,6.48650228
10/1/1969,6.451628444
11/1/1969,6.417127592
12/1/1969,6.382993773
1/1/1970,6.349221161
2/1/1970,6.315804053
3/1/1970,6.282736865
4/1/1970,6.250014129
5/1/1970,3.112842212
6/1/1970,6.20156419
7/1/1970,3.088804794
8/1/1970,3.080874606
9/1/1970,6.1381208
10/1/1970,6.106883409
11/1/1970,6.075962348
12/1/1970,6.045352836
1/1/1971,3.011293927
2/1/1971,0
3/1/1971,3.003756262
4/1/1971,2.996256238
5/1/1971,5.970161568
6/1/1971,5.940606192
7/1/1971,2.959310994
8/1/1971,2.952031009
9/1/1971,2.944786754
10/1/1971,2.937577966
11/1/1971,2.930404387
12/1/1971,2.923265757
1/1/1972,2.916161824
2/1/1972,5.811149371
3/1/1972,0
4/1/1972,2.895055686
5/1/1972,2.888088037
6/1/1972,2.881153845
7/1/1972,2.874252871
8/1/1972,2.867384877
9/1/1972,5.714296512
10/1/1972,2.846976424
11/1/1972,5.673769435
12/1/1972,2.826856431
1/1/1973,5.633813165
2/1/1973,8.401434551
3/1/1973,11.1111905
4/1/1973,8.266393194
5/1/1973,5.479461575
6/1/1973,8.172562803
7/1/1973,0
8/1/1973,21.52524082
9/1/1973,5.321516481
10/1/1973,10.57275562
11/1/1973,7.868880655
12/1/1973,10.41221283
1/1/1974,12.8894902
2/1/1974,12.75251109
3/1/1974,12.6184128
4/1/1974,7.507845137
5/1/1974,12.40962455
6/1/1974,9.836120645
7/1/1974,7.324539526
8/1/1974,14.51630605
9/1/1974,16.71668824
10/1/1974,9.448867717
11/1/1974,11.70740993
12/1/1974,9.284379003
1/1/1975,9.213097079
2/1/1975,6.863698407
3/1/1975,4.554085162
4/1/1975,4.536867408
5/1/1975,2.262017635
6/1/1975,9.005670785
7/1/1975,11.16287119
8/1/1975,4.436234258
9/1/1975,8.823569166
10/1/1975,6.575358918
11/1/1975,8.711472015
12/1/1975,6.492351274
1/1/1976,4.308801757
2/1/1976,2.148612929
3/1/1976,2.144772689
4/1/1976,2.140946152
5/1/1976,6.40001517
6/1/1976,6.366062676
7/1/1976,6.332468521
8/1/1976,6.299227063
9/1/1976,6.266332777
10/1/1976,6.233780253
11/1/1976,4.137935135
12/1/1976,6.180271172
1/1/1977,6.1486044
2/1/1977,12.203495
3/1/1977,6.055521681
4/1/1977,8.026785781
5/1/1977,3.993348111
6/1/1977,5.965215266
7/1/1977,5.935708722
8/1/1977,5.906492647
9/1/1977,3.921572118
10/1/1977,5.858433117
11/1/1977,7.767017407
12/1/1977,5.792448898
1/1/1978,7.680026215
2/1/1978,5.727934503
3/1/1978,7.594962062
4/1/1978,9.426599928
5/1/1978,11.2150349
6/1/1978,9.266455313
7/1/1978,9.195447295
8/1/1978,7.305958641
9/1/1978,10.87620738
10/1/1978,10.77851558
11/1/1978,7.132264681
12/1/1978,7.090124023
1/1/1979,10.55725284
2/1/1979,12.20054083
3/1/1979,12.07774394
4/1/1979,11.95739431
5/1/1979,13.52126982
6/1/1979,13.37061186
7/1/1979,13.2232743
8/1/1979,11.45202966
9/1/1979,11.34377117
10/1/1979,12.83434694
11/1/1979,12.6985312
12/1/1979,14.12704347
1/1/1980,17.04354021
2/1/1980,15.28683093
3/1/1980,16.59360193
4/1/1980,11.92556399
5/1/1980,11.80821336
6/1/1980,11.69314977
7/1/1980,1.453664624
8/1/1980,8.68520076
9/1/1980,10.05391878
10/1/1980,11.38798582
11/1/1980,12.68361779
12/1/1980,11.16287119
1/1/1981,11.05998613
2/1/1981,10.95898028
3/1/1981,8.154051759
4/1/1981,6.752972239
5/1/1981,8.053721506
6/1/1981,10.65489797
7/1/1981,13.18694589
8/1/1981,9.145389937
9/1/1981,11.65686446
10/1/1981,3.860593142
11/1/1981,5.128212933
12/1/1981,3.831828695
1/1/1982,3.819631872
2/1/1982,3.807512449
3/1/1982,0
4/1/1982,3.79546969
5/1/1982,11.31490835
6/1/1982,13.68599594
7/1/1982,6.169679401
8/1/1982,2.459017254
9/1/1982,0
10/1/1982,4.902969027
11/1/1982,-1.223865481
12/1/1982,-3.679103546
1/1/1983,2.453988585
2/1/1983,1.225114961
3/1/1983,1.223865481
4/1/1983,8.532285819
5/1/1983,4.848491444
6/1/1983,2.416919246
7/1/1983,4.819283586
8/1/1983,3.601803605
9/1/1983,3.591025124
10/1/1983,4.771378056
11/1/1983,3.566124467
12/1/1983,3.555558157
1/1/1984,8.255560816
2/1/1984,5.862249079
3/1/1984,3.503652124
4/1/1984,4.655679943
5/1/1984,2.321083896
6/1/1984,2.316603036
7/1/1984,4.619832463
8/1/1984,3.453239793
9/1/1984,3.443330914
10/1/1984,4.575792008
11/1/1984,2.281369508
12/1/1984,2.277040531
1/1/1985,2.272727952
2/1/1985,6.792470966
3/1/1985,5.631169414
4/1/1985,2.245089523
5/1/1985,2.24089701
6/1/1985,3.353518717
7/1/1985,2.230483914
8/1/1985,2.226345722
9/1/1985,2.222222857
10/1/1985,4.432138002
11/1/1985,5.517251098
12/1/1985,5.492000433
1/1/1986,4.375574584
2/1/1986,-2.185792954
3/1/1986,-6.581369331
4/1/1986,-4.407718454
5/1/1986,3.307305722
6/1/1986,4.39560931
7/1/1986,1.096391122
8/1/1986,1.095390309
9/1/1986,4.371589534
10/1/1986,2.179837112
11/1/1986,2.175884549
12/1/1986,4.339968564
1/1/1987,6.480663816
2/1/1987,4.301079873
3/1/1987,4.285718841
4/1/1987,5.335713549
5/1/1987,3.1900772
6/1/1987,5.298021851
7/1/1987,3.167621725
8/1/1987,5.26085893
9/1/1987,4.192144001
10/1/1987,3.134525074
11/1/1987,4.166670853
12/1/1987,2.077922597
1/1/1988,4.145081842
2/1/1988,2.067183974
3/1/1988,3.094114306
4/1/1988,7.188724965
5/1/1988,3.06774773
6/1/1988,5.095549058
7/1/1988,5.074003331
8/1/1988,5.052639044
9/1/1988,5.031453912
10/1/1988,4.010028794
11/1/1988,3.996673137
12/1/1988,3.983406147
1/1/1989,4.960734638
2/1/1989,3.953875076
3/1/1989,5.906492647
4/1/1989,8.805583743
5/1/1989,5.83469545
6/1/1989,3.874095375
7/1/1989,3.861628433
8/1/1989,0
9/1/1989,2.888088037
10/1/1989,5.755406716
11/1/1989,4.775175422
12/1/1989,3.806505967
1/1/1990,11.34760229
2/1/1990,4.696679185
3/1/1990,5.611857461
4/1/1990,2.79611777
5/1/1990,1.860465489
6/1/1990,7.413150989
7/1/1990,5.529963703
8/1/1990,10.07255055
9/1/1990,8.178751842
10/1/1990,8.123385666
11/1/1990,2.695620752
12/1/1990,4.479288516
1/1/1991,4.462630654
2/1/1991,0.890538074
3/1/1991,0
4/1/1991,2.667655786
5/1/1991,4.432956648
6/1/1991,3.534612276
7/1/1991,1.763409575
8/1/1991,3.519064106
9/1/1991,3.50877443
10/1/1991,1.750547356
11/1/1991,5.236371945
12/1/1991,3.478263305
1/1/1992,0.867992805
2/1/1992,2.600217702
3/1/1992,4.321214608
4/1/1992,2.585279276
5/1/1992,2.579721524
6/1/1992,3.431024496
7/1/1992,3.421242517
8/1/1992,2.55954594
9/1/1992,2.554098162
10/1/1992,5.091945405
11/1/1992,3.382666088
12/1/1992,1.687763991
1/1/1993,4.209053772
2/1/1993,2.518363988
3/1/1993,1.675977926
4/1/1993,4.179732543
5/1/1993,3.333335477
6/1/1993,0.831889115
7/1/1993,1.662050127
8/1/1993,2.488766879
9/1/1993,1.656314963
10/1/1993,4.95527201
11/1/1993,3.292183135
12/1/1993,2.463223581
1/1/1994,0
2/1/1994,3.276452547
3/1/1994,3.26753095
4/1/1994,0.815494425
5/1/1994,2.443163382
6/1/1994,3.249832724
7/1/1994,4.04995322
8/1/1994,4.841970255
9/1/1994,2.41367832
10/1/1994,0.803481784
11/1/1994,3.208558061
12/1/1994,2.400801068
1/1/1995,3.193614659
2/1/1995,3.185137902
3/1/1995,2.383317566
4/1/1995,4.752481459
5/1/1995,2.369201164
6/1/1995,2.364532785
7/1/1995,1.573770717
8/1/1995,2.356792902
9/1/1995,1.568627674
10/1/1995,3.131117236
11/1/1995,1.562500221
12/1/1995,1.56046836
1/1/1996,6.221660081
2/1/1996,2.324831208
3/1/1996,3.86473764
4/1/1996,4.621315083
5/1/1996,2.304000708
6/1/1996,2.299585501
7/1/1996,2.295187184
8/1/1996,1.527689576
9/1/1996,3.810736769
10/1/1996,3.798673637
11/1/1996,3.786686639
12/1/1996,3.020769374
1/1/1997,2.260597215
2/1/1997,2.256346638
3/1/1997,0.751173733
4/1/1997,0.750703809
5/1/1997,0
6/1/1997,2.249297753
7/1/1997,1.497192958
8/1/1997,2.988793575
9/1/1997,2.981367993
10/1/1997,2.231175108
11/1/1997,1.485148704
12/1/1997,0.74188565
1/1/1998,1.48239673
2/1/1998,0
3/1/1998,0
4/1/1998,1.480567739
5/1/1998,2.955666519
6/1/1998,1.475107746
7/1/1998,2.944786754
8/1/1998,1.469687875
9/1/1998,0.734169494
10/1/1998,2.932194495
11/1/1998,1.463414816
12/1/1998,2.191781431
1/1/1999,2.187785474
2/1/1999,0
3/1/1999,0.72837635
4/1/1999,7.983095665
5/1/1999,0.723109392
6/1/1999,0
7/1/1999,5.04960168
8/1/1999,2.875975014
9/1/1999,5.016430118
10/1/1999,2.143495658
11/1/1999,2.139673672
12/1/1999,2.846976424
1/1/2000,3.549248373
2/1/2000,4.951377493
3/1/2000,7.038143343
4/1/2000,-0.701959657
5/1/2000,2.104648303
6/1/2000,6.988953943
7/1/2000,3.479271791
8/1/2000,0
9/1/2000,6.237380488
10/1/2000,2.071942961
11/1/2000,2.06837167
12/1/2000,2.752294785
1/1/2001,6.853245355
2/1/2001,2.730376605
3/1/2001,0.681624557
4/1/2001,2.042553685
5/1/2001,6.106883409
6/1/2001,2.704226497
7/1/2001,-2.027598342
8/1/2001,0
9/1/2001,4.725744504
10/1/2001,-3.373631685
11/1/2001,-0.675865971
12/1/2001,-0.676246848
1/1/2002,2.027598342
2/1/2002,2.024178158
3/1/2002,3.366061113
4/1/2002,5.36613527
5/1/2002,1.337792781
6/1/2002,0.668337528
7/1/2002,2.669634027
8/1/2002,3.328712259
9/1/2002,1.992804222
10/1/2002,2.651934781
11/1/2002,1.985112115
12/1/2002,1.981833646
1/1/2003,5.268943701
2/1/2003,6.553812031
3/1/2003,1.959184109
4/1/2003,-4.576415244
5/1/2003,-1.966676212
6/1/2003,1.31147554
7/1/2003,3.925848649
8/1/2003,5.214565511
9/1/2003,3.896107319
10/1/2003,-1.297297424
11/1/2003,0.648824022
12/1/2003,3.238868363
1/1/2004,5.164074672
2/1/2004,2.573727528
3/1/2004,2.568219279
4/1/2004,1.922563829
5/1/2004,5.111828816
6/1/2004,4.455056827
7/1/2004,1.269841388
8/1/2004,0.634417144
9/1/2004,3.79947547
10/1/2004,6.305847406
11/1/2004,5.647069245
12/1/2004,0
1/1/2005,-0.626141418
2/1/2005,5.000007234
3/1/2005,4.357981443
4/1/2005,3.722857174
5/1/2005,-0.619674685
6/1/2005,0.619674685
7/1/2005,7.411243321
8/1/2005,7.365752027
9/1/2005,16.40947322
10/1/2005,1.809500217
11/1/2005,-6.042308839
12/1/2005,0
1/1/2006,7.247128217
2/1/2006,0.601956371
3/1/2006,1.804059473
4/1/2006,5.994018457
5/1/2006,3.582092212
6/1/2006,2.976930329
7/1/2006,6.523366695
8/1/2006,5.311048748
9/1/2006,-5.902618886
10/1/2006,-5.337295678
11/1/2006,0.594206499
12/1/2006,6.516925422
1/1/2007,1.989487267
2/1/2007,4.64501896
3/1/2007,6.223976992
4/1/2007,3.595403378
5/1/2007,4.949371988
6/1/2007,2.776886615
7/1/2007,2.13481496
8/1/2007,0.36987984
9/1/2007,5.074320295
10/1/2007,3.694193281
11/1/2007,9.393796899
12/1/2007,3.472588084
1/1/2008,4.130130441
2/1/2008,2.897890365
3/1/2008,4.285970271
4/1/2008,2.774048359
5/1/2008,7.080062482
6/1/2008,12.50846256
7/1/2008,8.539278472
8/1/2008,-1.78750153
9/1/2008,1.02567156
10/1/2008,-10.36273968
11/1/2008,-21.43691291
12/1/2008,-9.921126065
1/1/2009,3.033089199
2/1/2009,4.363250678
3/1/2009,-1.18532465
4/1/2009,1.207890903
5/1/2009,1.764494799
6/1/2009,9.918431827
7/1/2009,-0.357611826
8/1/2009,4.011431749
9/1/2009,2.31483056
10/1/2009,3.596921998
11/1/2009,4.011595854
12/1/2009,0.624049386
1/1/2010,0.778226251
2/1/2010,-1.142675852
3/1/2010,0.397575895
4/1/2010,0.276016893
5/1/2010,-0.623888597
6/1/2010,-0.502659453
7/1/2010,2.241010394
8/1/2010,1.752356073
9/1/2010,1.936735573
10/1/2010,4.170958442
11/1/2010,3.036764231
12/1/2010,4.810237727
1/1/2011,3.885353857
2/1/2011,3.851183102
3/1/2011,6.192253663
4/1/2011,5.619739259
5/1/2011,3.811996549
6/1/2011,0
7/1/2011,3.139932622
8/1/2011,3.779396747
9/1/2011,2.603032147
10/1/2011,0.809975612
11/1/2011,2.215373857
12/1/2011,0.28521629
1/1/2012,3.264590589
2/1/2012,2.562198044
3/1/2012,2.509538558
4/1/2012,1.991292919
5/1/2012,-2.484386124
6/1/2012,-0.992045757
7/1/2012,0.346521877
8/1/2012,6.951261292
9/1/2012,5.711903836
10/1/2012,3.231797705
11/1/2012,-2.016907409
12/1/2012,-0.145306723
1/1/2013,2.37459572
2/1/2013,6.498285419
3/1/2013,-3.379055969
4/1/2013,-2.508194561
5/1/2013,0.496883701
6/1/2013,2.853095426
7/1/2013,2.346646785
8/1/2013,2.861334758
9/1/2013,0.452248399
10/1/2013,0.642105436
11/1/2013,2.211348535
12/1/2013,3.168815392
1/1/2014,2.905490061
2/1/2014,1.320207849
3/1/2014,2.447967768
4/1/2014,2.234940201
5/1/2014,2.281436978
6/1/2014,1.584312335
7/1/2014,1.349822883
8/1/2014,-0.192016979
9/1/2014,0.085906131
10/1/2014,-0.237520189
11/1/2014,-2.261321501
12/1/2014,-3.70725199
1/1/2015,-7.668832191
2/1/2015,3.037724266
3/1/2015,3.228395516
4/1/2015,1.250323071
5/1/2015,3.950783645
6/1/2015,3.316916606
7/1/2015,1.902075485
8/1/2015,-0.005041307
9/1/2015,-2.700140562
10/1/2015,1.186791362
11/1/2015,1.432685404
12/1/2015,-1.291358699
1/1/2016,-0.550258417
2/1/2016,-1.596672151
3/1/2016,3.755871611
4/1/2016,4.587992308
5/1/2016,2.833566949
6/1/2016,3.326533721
7/1/2016,-0.604593172
8/1/2016,2.217016896
9/1/2016,3.143730222
10/1/2016,2.807937221
11/1/2016,1.413903964
12/1/2016,3.025609087
1/1/2017,4.841910508
2/1/2017,1.909668508
3/1/2017,-0.560772959
4/1/2017,1.480070257
5/1/2017,-0.929133163
6/1/2017,0.781699733
7/1/2017,0.393115567
8/1/2017,4.609486979
9/1/2017,6.112075831
10/1/2017,0.929702457
11/1/2017,3.197345537
12/1/2017,2.525607439
1/1/2018,5.093189354
2/1/2018,3.226403863
3/1/2018,0.230812694
4/1/2018,3.121225279
5/1/2018,2.706485333
6/1/2018,1.080887261
7/1/2018,0.936618981
8/1/2018,2.142870496
9/1/2018,2.472189742
10/1/2018,2.804217106
11/1/2018,-0.845327975
12/1/2018,0.821590934
1/1/2019,-0.978374496
2/1/2019,3.596112441
3/1/2019,4.5295919
4/1/2019,4.50315537
5/1/2019,0.296163393
6/1/2019,-0.390198805
7/1/2019,2.766260532
8/1/2019,1.097222244
9/1/2019,1.845195947
10/1/2019,3.387951665
11/1/2019,3.373760071
12/1/2019,3.489583473
1/1/2020,2.303784143
2/1/2020,0.569469721
3/1/2020,-5.446478307
4/1/2020,-9.542014223
5/1/2020,-1.078474734
6/1/2020,5.802945534
7/1/2020,6.100200566
8/1/2020,4.469278909
9/1/2020,3.147236709
10/1/2020,1.48525146
11/1/2020,2.725861157
12/1/2020,5.204270084
1/1/2021,2.936357548
2/1/2021,4.067908719
3/1/2021,6.27541446
4/1/2021,7.46312898
5/1/2021,7.935774356
6/1/2021,10.11142509
7/1/2021,5.524959212
8/1/2021,3.406670558
9/1/2021,5.41836972
10/1/2021,11.5104614
11/1/2021,10.23573678
12/1/2021,8.25779836
1/1/2022,7.233402805
2/1/2022,8.283002608
3/1/2022,13.31356919
4/1/2022,3.694329017
5/1/2022,11.32835531
6/1/2022,14.9793418
7/1/2022,-0.179022497
8/1/2022,0.748461915
9/1/2022,5.080437586
10/1/2022,6.694994787
11/1/2022,3.132746299
12/1/2022,0.184733392
1/1/2023,6.359943598
2/1/2023,4.107203239
3/1/2023,1.475953779
4/1/2023,4.064396459
5/1/2023,1.93606221
6/1/2023,2.687093202
7/1/2023,2.346280793
8/1/2023,5.788863526
9/1/2023,4.671991919
10/1/2023,1.639099271
11/1/2023,1.761485368
12/1/2023,2.307060814
1/1/2024,3.713869651
2/1/2024,4.907001754
3/1/2024,5.305858684
4/1/2024,2.601988969
5/1/2024,0.582563354
6/1/2024,-0.502060788
7/1/2024,2.010810971
8/1/2024,1.885184517
9/1/2024,2.557277278
10/1/2024,3.422792047
11/1/2024,3.405474643
12/1/2024,4.07234216
,
,
,
,
,
,
,
,
,
,
,
,
,
