0.023688,0.010905,0.016202,0.021951,0.019447,0.010995,0.016396,0.017371,0.019722,0.016404
-0.024139,-0.021959,-0.020172,-0.016317,-0.020406,-0.021623,-0.012994,-0.019892,-0.020670,-0.027998
0.013220,0.021316,0.026983,0.023754,0.021529,0.034041,0.031572,0.040409,0.036302,0.051886
-0.049118,-0.038935,-0.053871,-0.041764,-0.039902,-0.043320,-0.042977,-0.055730,-0.043720,-0.050444
-0.007664,0.015461,0.026614,0.020956,0.024804,0.025438,0.028670,0.026867,0.037160,0.034350
0.030008,0.029387,0.022985,0.032704,0.023563,0.036560,0.029322,0.035167,0.028675,0.044024
-0.002791,0.018337,0.008843,0.010424,0.009313,0.010991,0.007023,0.012943,0.016509,0.010715
-0.000599,0.001309,0.008775,0.000237,0.007284,-0.001201,0.004242,-0.002375,-0.005465,-0.009284
-0.013773,-0.014856,-0.017295,-0.004866,-0.014302,-0.016676,-0.015412,-0.018073,-0.016687,-0.020555
-0.013582,-0.009857,-0.013649,-0.010475,-0.016291,-0.007793,-0.011213,-0.007661,-0.013328,-0.002243
0.040794,0.054512,0.054998,0.053250,0.066493,0.054807,0.048986,0.061757,0.068798,0.057279
0.016235,0.015281,0.027628,0.030490,0.014859,0.025863,0.024080,0.029054,0.026766,0.034061
0.052927,0.042611,0.042771,0.034922,0.030793,0.021691,0.014952,0.009393,-0.003404,-0.007503
0.029167,0.029799,0.011136,0.013628,0.019320,0.007323,0.004317,0.007515,-0.002224,-0.005247
-0.016323,-0.014871,-0.015438,-0.019721,-0.011446,-0.002262,-0.015444,-0.009413,-0.003757,-0.016189
-0.019745,-0.023269,-0.026686,-0.010077,-0.027135,-0.022810,-0.021627,-0.027472,-0.030301,-0.028020
0.015956,0.010269,0.000283,0.005231,0.005639,0.005408,0.008896,0.002968,0.009071,0.007304
-0.043225,-0.043340,-0.038319,-0.035137,-0.028081,-0.033716,-0.029323,-0.024494,-0.023555,-0.010856
0.008645,0.018045,0.008140,0.017734,0.018438,0.014823,0.016723,0.016162,0.024123,0.028598
-0.048779,-0.064271,-0.058360,-0.047253,-0.057338,-0.051978,-0.043296,-0.052136,-0.031183,-0.044684
-0.036442,-0.022747,-0.014679,-0.004147,-0.013653,-0.015895,0.001259,-0.001026,0.006588,0.005191
0.023922,0.019753,0.039430,0.033388,0.050121,0.040600,0.037872,0.048143,0.041150,0.049893
0.019510,0.022683,0.018951,0.011785,0.014530,0.028211,0.023117,0.030240,0.033648,0.028258
-0.022967,-0.029793,-0.021936,-0.008014,-0.004109,-0.014175,-0.011883,0.004984,0.000494,0.002983
0.112803,0.084760,0.072094,0.068105,0.064561,0.076065,0.062631,0.059166,0.057444,0.047285
-0.009011,0.011226,0.011037,0.017596,0.010022,0.021921,0.014062,0.024036,0.017054,0.017350
0.026210,0.023561,0.034263,0.017913,0.027603,0.028846,0.031983,0.041027,0.030182,0.040100
0.010732,-0.002351,0.000070,0.015043,0.010400,0.019618,0.016092,0.027792,0.026479,0.053915
0.033457,0.049121,0.035859,0.054794,0.056114,0.040747,0.045928,0.038596,0.040665,0.026018
0.011575,0.009118,0.004669,0.007980,0.020894,0.015313,0.014104,0.023245,0.005461,0.010987
0.109220,0.087187,0.088082,0.061348,0.080871,0.052246,0.075453,0.065087,0.060829,0.042303
-0.006059,0.000291,0.004386,0.000043,-0.013133,-0.012385,-0.018023,-0.015584,-0.028051,-0.024358
0.041097,0.043547,0.034757,0.047920,0.048245,0.039205,0.055098,0.047859,0.045806,0.073866
-0.003384,0.001877,-0.003666,-0.013161,-0.003451,0.002623,0.002906,-0.007792,-0.011890,-0.021190
0.068835,0.083991,0.093918,0.089720,0.108025,0.097804,0.097914,0.102335,0.094004,0.094371
0.133416,0.112022,0.098497,0.090234,0.089816,0.076512,0.064534,0.065070,0.058748,0.048285
0.042190,0.018713,0.020304,0.013123,0.015791,0.018601,0.008902,0.005915,0.006469,0.005700
0.063377,0.047039,0.046193,0.047319,0.043526,0.043652,0.036718,0.036357,0.040351,0.026574
0.004779,-0.003844,-0.001412,0.001632,0.005162,-0.005640,-0.005256,-0.001089,0.014980,-0.004343
0.019518,0.020168,0.027174,0.009952,0.011706,0.021348,0.023505,0.027344,0.017440,0.038621
0.014886,-0.001748,0.004942,-0.004852,0.008673,0.002017,0.005293,0.010679,0.014867,0.012923
0.027428,0.043110,0.023361,0.032084,0.028220,0.028864,0.038479,0.035091,0.043904,0.080498
0.015860,0.017861,0.004647,0.006337,0.005794,-0.001607,0.006874,-0.003703,0.004967,0.028875
-0.005136,0.000542,0.002833,0.002660,0.005779,0.026245,0.002581,0.006890,0.006067,0.002820
0.019246,0.000362,-0.004300,-0.006830,-0.002522,-0.015285,-0.015290,-0.022189,-0.019098,0.005094
-0.030381,-0.014535,-0.003697,-0.011615,-0.014180,-0.014565,-0.016469,-0.026352,-0.021550,-0.028519
0.041876,0.037645,0.050815,0.055065,0.056182,0.065558,0.060155,0.069149,0.064598,0.075748
0.030050,0.020139,0.017983,0.022581,0.032368,0.020715,0.019338,0.014958,0.026172,0.013599
0.000914,-0.007376,-0.018302,-0.018868,-0.025705,-0.026522,-0.029430,-0.031774,-0.024998,-0.028810
0.031221,0.026005,0.023322,0.035584,0.031795,0.031724,0.035885,0.036559,0.038317,0.041320
0.024227,0.051997,0.042059,0.042031,0.042671,0.054975,0.054771,0.053548,0.065933,0.073470
-0.000437,0.007643,0.008759,-0.001342,0.001522,0.001629,0.003087,0.004832,-0.001138,0.006790
-0.037975,-0.044304,-0.042874,-0.045221,-0.036988,-0.038583,-0.038057,-0.035838,-0.034796,-0.055026
0.004909,0.007162,0.014705,0.013713,0.025912,0.031002,0.029407,0.027972,0.037232,0.040255
0.016471,0.034559,0.039258,0.033316,0.037920,0.049592,0.048628,0.040007,0.054904,0.052288
-0.011337,-0.016373,-0.010194,-0.012331,-0.007228,-0.025178,-0.024777,-0.023484,-0.018091,-0.035369
-0.033605,-0.019439,-0.024473,-0.025990,-0.033008,-0.039937,-0.039318,-0.038600,-0.050672,-0.053181
-0.002314,0.017104,0.010096,0.003026,0.012453,0.009467,0.015297,0.000439,0.013779,0.005851
-0.000900,0.002398,0.008305,0.019324,0.008190,0.015050,0.006692,0.003434,0.013071,0.002064
-0.004924,0.015708,0.038989,0.025531,0.033965,0.016894,0.036204,0.024567,0.029848,0.038177
0.034025,0.029313,0.022546,0.008832,0.005533,-0.001274,-0.005908,-0.014465,-0.008222,-0.044436
-0.027241,-0.031596,-0.024507,-0.022965,-0.030413,-0.025678,-0.014100,-0.020702,-0.015270,-0.018536
0.008419,0.027220,0.013314,0.023671,0.024808,0.021483,0.031540,0.016879,0.028659,0.023695
0.032103,0.016690,0.019189,0.015668,0.016334,0.035769,0.019304,0.036067,0.025558,0.054062
0.012962,0.001868,0.020234,0.018009,0.021626,0.028502,0.021431,0.025357,0.040122,0.039674
0.012044,-0.001775,-0.003634,-0.006785,-0.013685,-0.003365,-0.007259,-0.021128,-0.022221,0.000187
-0.000099,0.008088,0.004873,0.016828,-0.004887,0.005047,0.006090,0.003353,-0.000213,0.011921
-0.032622,-0.040437,-0.050067,-0.046982,-0.047401,-0.066985,-0.052717,-0.062349,-0.050235,-0.048113
-0.049554,-0.041682,-0.051864,-0.049100,-0.060125,-0.050580,-0.048953,-0.048734,-0.047863,-0.061519
-0.091844,-0.079612,-0.070203,-0.070909,-0.069705,-0.064761,-0.046968,-0.052283,-0.037170,-0.037296
0.008391,0.003835,0.003536,0.015149,0.034454,0.035453,0.026565,0.031771,0.038513,0.022193
-0.039695,-0.055494,-0.053853,-0.044017,-0.051944,-0.050199,-0.026472,-0.038394,-0.020537,-0.040114
0.168690,0.146158,0.130774,0.109455,0.100254,0.109846,0.095898,0.078745,0.064916,0.034542
-0.025409,-0.024375,-0.008655,-0.002786,-0.014045,-0.015966,-0.005973,-0.008045,-0.003262,-0.017573
0.027629,0.036386,0.035273,0.035909,0.040965,0.028640,0.039779,0.044081,0.028948,0.033259
0.047529,0.035101,0.030050,0.039488,0.004498,0.027584,0.021811,0.032190,0.039704,0.029986
0.054962,0.037148,0.048495,0.047941,0.038321,0.046918,0.039786,0.024209,0.030177,0.020203
0.035128,0.050805,0.030640,0.018480,0.030792,0.024046,0.034471,0.030819,0.031869,0.028756
0.048841,0.049803,0.045367,0.057039,0.060934,0.059317,0.055544,0.045266,0.047477,0.042289
0.041806,0.032474,0.044625,0.028203,0.035115,0.031774,0.032144,0.025142,0.016350,0.016424
0.064872,0.060068,0.051507,0.064296,0.058082,0.049487,0.049908,0.045907,0.039107,0.050031
0.044753,0.031714,0.035126,0.050930,0.028241,0.036245,0.037679,0.035206,0.025994,0.025210
0.051929,0.053276,0.054315,0.049836,0.041913,0.039075,0.035224,0.048473,0.038158,0.024983
0.041304,0.029334,0.036415,0.038657,0.033459,0.034315,0.038995,0.040835,0.043530,0.059303
0.083035,0.061101,0.067012,0.037854,0.047664,0.042647,0.034117,0.017565,0.011951,0.001697
0.035997,0.019198,0.031398,0.025576,0.038435,0.036702,0.024914,0.035800,0.017070,0.003937
0.017097,0.020884,0.021267,0.019182,0.007815,0.007947,0.012317,0.002437,0.007367,0.002637
0.027228,0.015599,0.009767,0.036461,0.030002,0.033787,0.037419,0.041881,0.020277,0.042410
0.003369,0.019470,-0.004985,0.004139,0.011569,0.001041,0.017179,0.010035,-0.004164,0.027411
-0.009978,0.004354,0.005267,0.008547,0.008170,0.013755,0.010833,0.003604,0.013657,-0.004131
0.033005,0.037715,0.022632,0.035727,0.028811,0.032035,0.027874,0.028960,0.022381,0.038004
-0.013811,-0.004616,-0.015003,-0.027493,-0.016650,-0.006853,-0.019455,-0.016313,-0.019803,-0.009878
-0.040482,-0.044214,-0.046959,-0.044866,-0.045021,-0.048462,-0.048447,-0.050786,-0.050309,-0.042742
0.000156,0.017290,0.036464,0.030079,0.024119,0.033991,0.031290,0.045050,0.021390,0.008734
-0.001617,0.012054,0.023496,0.024611,0.021815,0.008681,0.028150,0.028374,0.012574,0.018150
0.015185,0.039931,0.036535,0.015186,0.024030,0.018650,0.008101,0.005720,0.022829,0.033627
0.008379,-0.014719,-0.035839,-0.041940,-0.041482,-0.047357,-0.059237,-0.052588,-0.043973,-0.075702
-0.009124,0.003577,0.012792,0.005235,0.021148,0.003139,0.012701,0.012009,0.005283,0.017041
-0.022943,-0.033987,-0.031618,-0.044329,-0.023752,-0.020954,-0.022124,-0.021690,-0.010709,-0.009991
-0.034215,-0.022526,-0.019032,-0.029847,-0.021027,-0.023109,-0.010050,-0.007243,-0.004569,-0.017765
0.004212,0.008728,0.025741,0.038818,0.034207,0.024453,0.046531,0.022544,0.031669,0.035589
0.032349,0.026131,0.009317,0.012082,0.022699,0.027735,0.022785,0.029028,0.028306,0.021483
-0.030593,-0.018796,-0.016704,-0.024305,-0.017933,-0.022232,-0.027063,-0.014125,-0.018377,-0.024432
0.054589,0.039966,0.038841,0.037100,0.042318,0.042442,0.027353,0.038318,0.031495,0.031044
-0.060577,-0.056532,-0.053831,-0.074967,-0.063349,-0.060932,-0.060675,-0.055524,-0.050007,-0.060128
-0.045461,-0.027919,-0.022048,-0.029276,-0.026974,-0.029876,-0.017698,-0.010369,-0.012507,0.001129
0.017986,0.029239,0.044902,0.050314,0.062428,0.059514,0.059343,0.060319,0.064803,0.042528
0.021694,0.024651,0.041365,0.036423,0.026270,0.038521,0.045750,0.048907,0.047552,0.050468
0.092841,0.095523,0.100921,0.087410,0.083993,0.088143,0.069130,0.080778,0.066867,0.058299
0.059722,0.059598,0.080628,0.073599,0.066566,0.052628,0.062306,0.052759,0.043799,0.029108
0.066570,0.060816,0.065203,0.070057,0.048346,0.041826,0.049451,0.049898,0.025587,0.025468
0.009741,0.014090,0.030342,0.018683,-0.006114,0.007146,0.006739,-0.003515,0.003148,0.006690
0.051721,0.040336,0.029502,0.035683,0.050594,0.053823,0.027791,0.033906,0.037768,0.019803
-0.050804,-0.052992,-0.060835,-0.049095,-0.058703,-0.039943,-0.032396,-0.038135,-0.027392,-0.024606
-0.005811,0.004565,0.000031,0.009894,0.012247,0.008818,0.013597,0.021585,0.025877,0.035563
0.008114,0.015008,-0.003902,0.021669,0.008845,0.019325,0.030531,0.043801,0.040770,0.023442
-0.033368,-0.033707,-0.037454,-0.031786,-0.039360,-0.024312,-0.023155,-0.026809,-0.018945,-0.017811
0.020924,0.026627,0.018129,0.031140,0.006538,0.018966,0.023187,0.034265,0.031573,0.027115
0.040558,0.068321,0.064820,0.062574,0.048243,0.043304,0.048641,0.031456,0.045748,0.045877
0.001469,0.005486,-0.007797,-0.005525,0.001586,-0.007385,-0.016279,-0.016828,-0.012749,0.007377
0.063862,0.053261,0.061148,0.027071,0.005033,0.007759,-0.008058,-0.024695,-0.022057,-0.041865
-0.054920,0.010782,0.032543,0.031472,0.012681,0.008007,0.009007,0.019921,0.015282,0.020771
-0.034278,0.021292,0.000064,-0.002815,-0.001912,-0.008193,-0.011896,-0.007558,-0.008286,-0.003580
-0.037199,-0.056838,-0.076511,-0.070903,-0.073280,-0.075422,-0.079907,-0.057387,-0.067153,-0.062335
-0.163784,-0.119845,-0.116705,-0.100803,-0.088326,-0.104640,-0.103719,-0.101233,-0.093370,-0.080825
-0.102641,-0.097621,-0.067563,-0.077617,-0.080006,-0.089146,-0.079548,-0.077061,-0.086152,-0.082516
0.047844,0.097075,0.091419,0.069094,0.079726,0.066132,0.048279,0.057761,0.059237,0.067477
0.061434,0.047867,0.044451,0.037393,0.027661,0.044076,0.034573,0.023720,0.026021,0.021380
-0.078135,-0.069589,-0.077193,-0.071420,-0.066078,-0.071811,-0.065643,-0.049562,-0.055192,-0.047300
-0.069979,-0.060295,-0.059880,-0.056402,-0.041743,-0.039372,-0.035569,-0.014514,-0.006428,0.009710
0.095124,0.090841,0.104579,0.121150,0.117359,0.133104,0.137486,0.125619,0.127580,0.104396
-0.061371,-0.040997,-0.036662,-0.034966,-0.024748,-0.016073,-0.024820,-0.002503,0.010253,0.017197
0.140961,0.114725,0.100873,0.093347,0.091540,0.089016,0.078330,0.061832,0.058764,0.046689
-0.018427,-0.012341,-0.019915,-0.007125,-0.013072,-0.017306,-0.013360,-0.021300,-0.016021,-0.023689
-0.015084,0.004580,-0.001585,0.016797,0.002708,0.020063,0.014574,0.017269,0.025455,0.037232
0.003717,0.010921,0.019612,0.017924,0.023051,0.041407,0.032727,0.039637,0.045594,0.049998
0.031985,0.041957,0.028155,0.045605,0.048514,0.028808,0.034736,0.032808,0.022673,0.017243
0.001255,-0.013709,-0.005286,-0.005251,-0.010483,-0.013238,-0.013571,-0.020438,-0.014744,-0.019029
-0.019617,0.008366,-0.007961,0.002385,-0.005279,-0.012166,-0.010457,-0.018964,-0.007415,0.001103
0.045374,0.032028,0.032754,0.029280,0.040553,0.050211,0.056739,0.050023,0.057286,0.052612
0.015646,-0.008044,0.001541,-0.006749,-0.016992,-0.021268,-0.016525,-0.019782,-0.020607,-0.009635
0.018441,0.008095,0.006901,0.008819,0.013992,0.021979,0.019518,0.016793,0.011842,0.032023
-0.033257,-0.035188,-0.011785,-0.028603,-0.017337,-0.012554,-0.008062,-0.012681,0.000608,-0.005234
-0.035937,-0.019554,-0.023902,-0.000313,-0.017340,0.001064,0.033737,0.010894,0.015843,0.024656
0.083475,0.059348,0.034992,0.038401,0.024695,0.025074,0.011354,0.008878,0.017577,0.028378
0.027234,0.017938,0.032170,0.027282,0.022167,0.027789,0.023265,0.024262,0.025858,0.014746
0.015505,0.023283,0.021330,0.020444,0.031555,0.031219,0.035566,0.031911,0.026514,0.014175
0.039063,-0.020210,-0.007013,-0.009363,0.001913,-0.000951,-0.009910,-0.009548,-0.000143,0.007164
-0.019234,-0.006441,0.005045,0.014367,0.004245,0.020337,0.018221,0.011653,0.018026,0.017973
0.005320,0.000685,0.010548,0.022752,0.011320,0.012054,0.013180,0.013078,0.020069,0.014629
0.061608,0.028964,0.048660,0.031958,0.027277,0.031024,0.015555,0.025284,0.022258,0.018939
0.014420,0.007812,-0.008174,-0.009557,-0.007868,-0.019627,-0.005266,-0.007207,-0.006386,-0.012498
0.034297,0.050840,0.052823,0.053363,0.037226,0.033293,0.027730,0.033298,0.038019,0.028663
0.031717,0.023274,0.025195,0.022171,0.017250,0.015879,0.011791,0.019202,0.013793,0.006729
-0.000608,0.007270,-0.000107,0.003908,0.001782,-0.002238,-0.000850,0.002901,0.003070,0.003393
-0.039887,-0.019595,-0.013196,-0.010669,-0.023091,-0.006714,0.000899,-0.002228,-0.004127,0.006458
0.111164,0.096144,0.080440,0.074528,0.056692,0.062553,0.059595,0.050151,0.053479,0.033348
0.060269,0.049493,0.023158,0.026416,0.026321,0.032951,0.038997,0.032778,0.026652,-0.000323
0.048490,0.032983,0.014195,0.026133,0.024748,0.002303,0.008238,0.003643,-0.002414,-0.013903
0.052605,0.063449,0.048079,0.043078,0.039919,0.046230,0.043861,0.037138,0.032852,0.032476
0.002581,0.009272,0.002892,-0.010912,-0.012981,-0.009766,-0.006094,-0.006935,-0.006281,-0.003576
-0.112785,-0.092661,-0.102479,-0.085785,-0.098900,-0.092831,-0.085228,-0.080111,-0.073860,-0.042549
0.034649,0.020202,0.025902,0.040030,0.037708,0.035265,0.028698,0.032966,0.031994,0.011758
0.031640,0.029205,0.035376,0.052825,0.056044,0.047493,0.064169,0.051216,0.038201,0.026084
0.013367,0.025684,0.031143,0.037569,0.031364,0.033299,0.041071,0.032480,0.034765,0.031064
0.096970,0.086474,0.075506,0.078371,0.068145,0.054940,0.059770,0.041645,0.043091,0.022695
0.116378,0.075012,0.058815,0.064272,0.067385,0.053673,0.043647,0.034668,0.035283,-0.009954
0.066274,0.044571,0.042844,0.065098,0.031211,0.041542,0.035804,0.026420,0.016686,0.009081
0.138880,0.106431,0.082812,0.067192,0.065679,0.051117,0.046960,0.029988,0.029502,0.003011
0.081308,0.070402,0.035697,0.037969,0.042460,0.027349,0.009803,0.009834,0.001659,-0.015790
0.044714,0.026869,-0.005546,-0.025180,-0.012624,-0.031371,-0.025734,-0.028227,-0.017336,-0.021059
0.065838,0.061155,0.053183,0.060792,0.049740,0.053775,0.042068,0.035807,0.032687,0.019687
-0.120929,-0.120994,-0.111910,-0.103158,-0.100851,-0.096618,-0.080695,-0.074767,-0.060575,-0.044355
-0.020943,-0.007673,-0.003419,0.004013,0.000233,-0.004087,0.005297,-0.005018,-0.001189,-0.013604
-0.015219,-0.016104,-0.015407,-0.025366,-0.009596,-0.014213,-0.015219,-0.012803,-0.010226,-0.013070
-0.106574,-0.117080,-0.123786,-0.116072,-0.110661,-0.101553,-0.095057,-0.087021,-0.087613,-0.068973
-0.027781,-0.036968,-0.019686,-0.011970,-0.012983,-0.020456,-0.022623,-0.010769,-0.008853,-0.004845
-0.063213,-0.043079,-0.061871,-0.046208,-0.027782,-0.017426,-0.005876,0.002287,0.028663,0.054933
0.030712,0.028644,0.048201,0.052261,0.057068,0.046916,0.055363,0.049624,0.029898,0.009505
0.030743,0.032706,0.017665,0.012722,0.027595,0.023133,0.016296,0.024068,0.021921,0.000544
0.254853,0.229927,0.214939,0.177328,0.187887,0.173555,0.139900,0.138433,0.094322,0.071098
0.097105,0.086914,0.051824,0.044006,0.044069,0.032054,0.022319,0.010806,0.008161,0.008550
0.050679,0.060154,0.075153,0.075185,0.065473,0.059208,0.058623,0.052223,0.051628,0.038915
0.062914,0.043248,0.044318,0.049669,0.038724,0.037488,0.033366,0.046346,0.041787,0.041571
0.015432,0.011052,-0.002593,-0.017030,-0.008825,-0.011794,-0.022240,-0.013956,-0.023488,-0.047304
0.191089,0.130377,0.130751,0.109739,0.096850,0.083586,0.055556,0.049935,0.040131,0.015194
0.123030,0.104424,0.093748,0.087817,0.085227,0.084138,0.075584,0.055985,0.058958,0.042095
0.007559,0.009743,0.004053,0.012756,-0.000131,-0.012154,-0.005663,0.004412,-0.003871,-0.008185
0.145687,0.096157,0.078714,0.081854,0.072513,0.055313,0.048335,0.032052,0.026251,0.031837
0.019256,0.023736,-0.015808,-0.026953,-0.030736,-0.009799,-0.022300,-0.034155,-0.041611,-0.025601
-0.029269,-0.013665,0.005539,-0.000652,0.007581,0.016090,0.009958,0.009682,0.014068,0.006658
0.178219,0.141145,0.137660,0.106873,0.092164,0.084646,0.066723,0.047503,0.031303,0.024572
0.144967,0.087373,0.054698,0.030053,0.013808,-0.009043,-0.008693,-0.024673,-0.027917,-0.045757
-0.075677,-0.076941,-0.071728,-0.057793,-0.049170,-0.054933,-0.051939,-0.048986,-0.046685,-0.026282
-0.027939,-0.025739,-0.019889,-0.009176,-0.011624,-0.016441,-0.018173,0.006358,-0.001587,0.009540
0.191309,0.175859,0.146484,0.157008,0.147884,0.146420,0.145166,0.113313,0.109574,0.081393
0.165721,0.152036,0.133454,0.108480,0.098560,0.071609,0.058322,0.061188,0.033034,0.013627
0.023263,0.015066,0.019860,-0.002482,-0.002646,0.006362,0.006816,0.018834,0.014008,0.011283
0.001341,-0.007262,-0.014804,-0.034627,-0.029897,-0.037682,-0.031301,-0.043088,-0.029203,-0.017344
0.069859,0.068666,0.047327,0.051126,0.048224,0.023184,0.034316,0.021007,0.017760,0.014271
0.101312,0.083695,0.072163,0.063196,0.066134,0.068394,0.074535,0.062885,0.058943,0.035325
0.002023,-0.013020,0.001961,-0.000242,-0.001756,0.015862,0.005329,0.014738,0.005693,0.009916
0.059684,0.077767,0.077759,0.074168,0.083427,0.081269,0.077479,0.073030,0.071350,0.051083
0.049315,0.040808,0.021957,0.005193,0.001042,-0.007947,-0.018795,-0.022507,-0.029808,-0.041454
0.022571,0.003355,0.008845,-0.002900,-0.019387,-0.007704,-0.003349,-0.016013,-0.007040,-0.005962
-0.111449,-0.104738,-0.106042,-0.091304,-0.090290,-0.084292,-0.084222,-0.074133,-0.065690,-0.042790
0.013526,0.009778,0.027195,0.021450,0.030518,0.019523,0.019468,0.017646,0.023408,0.034810
-0.017050,-0.009572,-0.001965,0.008081,0.004447,0.006517,0.008744,0.012175,0.020792,0.023839
0.026839,0.028558,0.017036,0.008189,-0.006646,0.000751,0.005743,0.007116,0.000103,0.005785
-0.129161,-0.137742,-0.139192,-0.123159,-0.121427,-0.120348,-0.115782,-0.102563,-0.075507,-0.053321
-0.115547,-0.118150,-0.119648,-0.103829,-0.100371,-0.091591,-0.093818,-0.074450,-0.068308,-0.058447
0.036459,0.047049,0.046062,0.056510,0.063182,0.055333,0.070027,0.059220,0.057252,0.048331
-0.048109,-0.035924,-0.029516,-0.026444,-0.018342,-0.012122,-0.003967,-0.014812,-0.012066,-0.026528
0.111463,0.106304,0.096159,0.097682,0.094982,0.083898,0.074748,0.075872,0.068905,0.046349
-0.071534,-0.068510,-0.068871,-0.053309,-0.051636,-0.041298,-0.045951,-0.039344,-0.036177,-0.027794
-0.111636,-0.076070,-0.080407,-0.059934,-0.056991,-0.051991,-0.045207,-0.024919,-0.019360,-0.013507
0.054383,-0.004338,-0.025279,-0.021947,-0.044970,-0.067115,-0.064297,-0.067903,-0.073082,-0.076874
0.020264,0.020155,0.037395,0.022984,0.037758,0.033182,0.036828,0.046072,0.064185,0.059512
-0.031790,-0.028090,-0.041394,-0.030261,-0.039246,-0.023068,-0.017366,-0.011422,-0.004034,-0.001327
-0.184775,-0.193004,-0.184348,-0.171710,-0.177960,-0.170136,-0.155080,-0.144158,-0.115825,-0.091112
-0.088189,-0.085342,-0.092168,-0.097193,-0.101232,-0.090884,-0.099814,-0.099600,-0.085565,-0.053193
-0.059476,-0.085212,-0.087270,-0.076332,-0.092421,-0.071803,-0.067946,-0.061697,-0.046605,-0.048133
0.016092,0.017552,0.048123,0.041242,0.062435,0.073353,0.079123,0.076103,0.079077,0.074123
0.050133,0.051462,0.053525,0.051454,0.055922,0.070455,0.059490,0.059929,0.055984,0.046990
0.153767,0.142111,0.138004,0.126570,0.120259,0.111444,0.091859,0.085787,0.065849,0.033489
-0.069930,-0.065084,-0.062082,-0.061636,-0.063012,-0.044176,-0.034045,-0.040229,-0.038729,-0.008571
-0.069943,-0.034285,-0.018492,0.001605,0.009796,0.025856,0.033029,0.039611,0.049899,0.055691
0.074097,0.110054,0.088647,0.081010,0.089407,0.078691,0.078400,0.082337,0.079993,0.052765
0.274968,0.200490,0.180171,0.144392,0.131014,0.110521,0.094310,0.091686,0.069375,0.037766
0.093511,0.084130,0.056639,0.058758,0.043351,0.029962,0.036977,0.012596,0.022567,0.013003
0.056836,0.070891,0.052815,0.058396,0.051443,0.059233,0.061400,0.058046,0.052102,0.040449
0.020969,-0.000620,0.023183,0.020748,0.030545,0.030213,0.031690,0.048338,0.031688,0.033062
-0.064048,-0.071769,-0.056245,-0.057208,-0.059170,-0.053770,-0.041129,-0.036358,-0.031629,-0.035429
-0.041963,-0.030357,-0.031339,-0.022036,-0.027535,-0.006716,-0.001188,-0.010008,0.003699,0.006193
-0.076464,-0.066261,-0.073668,-0.070489,-0.052036,-0.058399,-0.043984,-0.052615,-0.042138,-0.037006
0.036657,0.021909,0.033507,0.049694,0.051208,0.044284,0.052359,0.061482,0.047900,0.039228
-0.010199,0.002549,0.014959,0.001498,0.000970,-0.007128,0.002764,-0.008622,-0.004305,-0.005566
-0.071293,-0.070176,-0.068357,-0.056976,-0.063514,-0.055417,-0.048709,-0.049174,-0.048429,-0.036415
-0.055561,-0.054274,-0.049279,-0.047498,-0.031194,-0.030235,-0.021239,-0.019976,-0.009327,0.005793
0.125149,0.117853,0.123754,0.128361,0.115447,0.125321,0.116760,0.111507,0.099282,0.084333
0.323404,0.228271,0.202271,0.151114,0.127886,0.127049,0.094941,0.068265,0.048499,0.020515
0.110264,0.059826,0.042039,0.067650,0.036368,0.031524,0.040360,0.030282,0.033782,0.030658
-0.044485,-0.012907,-0.019083,-0.004710,-0.009118,-0.006884,-0.005285,0.011868,0.009096,0.009339
0.001990,0.002822,-0.015350,-0.004027,0.003610,-0.002888,0.007168,0.006667,0.002213,0.005991
-0.051887,-0.021360,-0.041164,-0.037964,-0.025685,-0.026620,-0.029961,-0.011708,-0.000392,0.021763
-0.020240,-0.030092,-0.047874,-0.038167,-0.047728,-0.035293,-0.034053,-0.027160,-0.026495,-0.019237
-0.037872,-0.028875,-0.019409,-0.033714,-0.037539,-0.043301,-0.039216,-0.026181,-0.027132,0.000763
-0.001677,-0.022030,-0.007092,-0.014255,0.001458,-0.004070,0.002243,0.014092,0.021976,0.040079
-0.035205,-0.032867,-0.041141,-0.043028,-0.044450,-0.037201,-0.035297,-0.022706,-0.023847,-0.004030
-0.024930,-0.032353,-0.043271,-0.018538,-0.035180,-0.029326,-0.006033,-0.002101,-0.008711,0.012106
-0.014362,0.012364,0.025109,0.043402,0.033038,0.059706,0.053280,0.050279,0.060147,0.048756
-0.048263,-0.017466,-0.039733,-0.014141,-0.020679,-0.025758,-0.009143,-0.011526,-0.005206,0.015044
0.017615,-0.002848,-0.009563,-0.021003,-0.035240,-0.032594,-0.044925,-0.047401,-0.054068,-0.022636
-0.069804,-0.081362,-0.080952,-0.080041,-0.082918,-0.085262,-0.082712,-0.072467,-0.070174,-0.036885
-0.045024,-0.036729,-0.041447,-0.028311,-0.027683,-0.032548,-0.029057,-0.028275,-0.024250,-0.003224
-0.057775,-0.063023,-0.061526,-0.069825,-0.080175,-0.078320,-0.073987,-0.068976,-0.073185,-0.046902
-0.106007,-0.101817,-0.101485,-0.096145,-0.090722,-0.087303,-0.086742,-0.073822,-0.059866,-0.013718
-0.049049,-0.047547,-0.050433,-0.046397,-0.041339,-0.037667,-0.037387,-0.030164,-0.022291,-0.004225
0.051181,0.085503,0.091032,0.097079,0.104282,0.101778,0.111453,0.090910,0.087775,0.049503
-0.038514,-0.043717,-0.045051,-0.055844,-0.050593,-0.051855,-0.047887,-0.034114,-0.026596,-0.028503
0.009778,0.025795,0.062124,0.064487,0.065281,0.093726,0.084988,0.093407,0.098665,0.045880
0.022322,0.009987,0.002476,0.012056,0.017219,0.005417,-0.001951,-0.000512,0.003038,-0.001166
-0.154846,-0.172243,-0.175058,-0.163836,-0.175499,-0.190337,-0.171547,-0.165578,-0.160122,-0.110595
-0.075999,-0.076110,-0.073625,-0.045786,-0.033086,-0.027789,-0.019704,-0.015268,0.012460,0.015088
0.250206,0.211849,0.184645,0.159943,0.129382,0.128897,0.105778,0.089095,0.053868,-0.012026
0.013584,0.000163,0.009674,0.007798,-0.006570,0.001838,-0.000678,0.006514,-0.000151,0.002533
0.042006,0.028540,0.012876,0.013439,0.015299,-0.002869,-0.005592,-0.011023,-0.022534,-0.025847
-0.038041,-0.051193,-0.053913,-0.058264,-0.060571,-0.059367,-0.058826,-0.063419,-0.069076,-0.041631
-0.072394,-0.073623,-0.082545,-0.073910,-0.066718,-0.082951,-0.077704,-0.078465,-0.075379,-0.034201
-0.034096,-0.027232,-0.035104,-0.025056,-0.027988,-0.033430,-0.040477,-0.035023,-0.040432,-0.019805
-0.057737,-0.056439,-0.052611,-0.060233,-0.055208,-0.053564,-0.046396,-0.043422,-0.045269,-0.075960
-0.065789,-0.069014,-0.088368,-0.077078,-0.074214,-0.085554,-0.088646,-0.095373,-0.094798,-0.086940
-0.079070,-0.072099,-0.078268,-0.077725,-0.078597,-0.081378,-0.082066,-0.082469,-0.081424,-0.115821
0.025960,0.047964,0.053713,0.063922,0.087403,0.087517,0.091868,0.101688,0.120474,0.179039
-0.062539,-0.055035,-0.043977,-0.068716,-0.056203,-0.056911,-0.048982,-0.039610,-0.034410,-0.041030
-0.112504,-0.118989,-0.106351,-0.077729,-0.073206,-0.075359,-0.076978,-0.060573,-0.046761,-0.020321
0.461434,0.344387,0.333501,0.355558,0.321073,0.295842,0.281120,0.250274,0.226106,0.119523
0.070755,0.064532,0.031023,0.012899,0.025186,0.041221,0.054426,0.038562,0.048090,0.061535
0.100744,0.120309,0.096926,0.107587,0.090093,0.090743,0.055901,0.056203,0.057318,0.022910
0.004185,0.010197,0.019752,0.018696,0.021814,0.031689,0.042033,0.031910,0.048463,0.047956
0.074238,0.075957,0.071680,0.100021,0.067916,0.078830,0.072277,0.066042,0.058581,0.052943
0.068489,0.068474,0.066557,0.093397,0.074886,0.073335,0.066894,0.056701,0.060083,0.048908
0.019228,0.013366,0.010012,-0.005416,-0.015980,-0.031200,-0.033333,-0.031811,-0.047297,-0.065771
-0.055979,-0.068006,-0.063841,-0.073326,-0.057796,-0.058921,-0.055554,-0.045348,-0.031641,-0.019096
-0.046226,-0.053090,-0.042418,-0.040990,-0.038272,-0.028437,-0.040201,-0.036638,-0.036352,-0.038273
-0.018306,-0.010641,0.004971,0.004884,0.019885,0.026849,0.020759,0.030716,0.045943,0.060726
0.003265,0.011021,0.014861,0.008619,0.033280,0.020783,0.019246,0.026482,0.032368,0.032033
-0.014476,0.004322,-0.015377,-0.005863,-0.015327,-0.009023,-0.011251,-0.006893,-0.002492,-0.012194
0.216194,0.230006,0.221570,0.222287,0.192000,0.200703,0.192054,0.170459,0.153554,0.116849
0.207404,0.167607,0.151014,0.134175,0.117682,0.099750,0.088539,0.069923,0.051017,-0.006595
0.026057,0.021011,0.007950,0.004000,0.011287,0.013160,0.011745,0.011806,0.017173,0.029727
-0.001893,0.002237,-0.014492,-0.017099,-0.012161,-0.021070,-0.009462,-0.010159,-0.008431,-0.010455
-0.033543,-0.034789,-0.041847,-0.032741,-0.020856,-0.026489,-0.009806,-0.016543,-0.011936,-0.007960
0.004724,0.001716,0.017449,0.021369,0.018336,0.028660,0.034617,0.036372,0.052915,0.045018
0.000476,0.002367,0.011238,-0.007710,-0.002481,0.001072,0.004238,-0.002845,-0.002979,-0.007194
-0.029742,-0.025812,-0.025149,-0.017101,-0.018324,-0.014860,-0.021397,-0.016580,-0.013063,0.001771
-0.005908,0.016160,0.007590,0.022343,0.019610,0.023004,0.029951,0.031324,0.024892,0.024166
-0.032153,-0.028008,-0.019674,-0.023346,-0.015245,-0.018027,-0.020454,-0.023517,-0.022891,-0.019961
0.006463,0.019917,0.011886,0.033638,0.030488,0.035458,0.037497,0.037279,0.034557,-0.001295
0.109319,0.114063,0.107538,0.101264,0.098619,0.104623,0.096395,0.090795,0.084647,0.054787
0.104750,0.085034,0.077938,0.065267,0.039196,0.035880,0.022136,0.010403,-0.008636,-0.046727
0.023431,0.036519,0.012460,-0.001133,-0.000928,-0.007586,-0.002628,-0.013560,-0.018602,-0.016525
0.016432,0.014232,0.011668,0.013084,0.010915,0.014767,0.000984,0.006948,0.001121,-0.012634
0.017403,0.020003,0.011877,0.021862,0.018171,0.014916,0.014365,0.019173,0.017098,0.001830
0.014547,0.005179,0.008148,0.004661,0.007279,-0.006235,-0.003568,0.001944,-0.004521,-0.013043
0.031106,0.030707,0.050280,0.049468,0.064544,0.058461,0.063783,0.067911,0.056560,0.049226
0.022904,0.030288,0.021313,0.023634,0.009898,0.009536,0.003162,-0.002645,-0.009181,-0.015513
0.014960,0.005782,0.002223,0.003556,-0.002966,-0.000499,-0.008377,-0.005105,-0.013607,-0.014544
0.035165,0.022230,0.014088,0.009099,0.020916,0.019942,0.008950,0.010130,0.005746,-0.000452
-0.024414,-0.030116,-0.020427,-0.016755,-0.027885,-0.024004,-0.026542,-0.026044,-0.027854,-0.042672
0.069748,0.054004,0.067262,0.083557,0.089478,0.078369,0.087410,0.067328,0.067155,0.038344
0.044604,0.034477,0.029086,0.024145,0.020444,0.028291,0.018606,0.019806,0.010605,0.005977
0.035830,0.018047,0.008877,-0.006326,-0.007963,-0.006834,-0.020455,-0.034910,-0.048283,-0.060801
0.033972,0.046040,0.044930,0.024087,0.036270,0.042929,0.013191,0.018931,0.004323,-0.015928
0.085235,0.081399,0.075060,0.073637,0.069383,0.075042,0.067458,0.055040,0.054337,0.026639
0.087915,0.085199,0.081293,0.078619,0.088578,0.072879,0.076278,0.069115,0.074193,0.085374
0.087181,0.095233,0.094929,0.076471,0.074525,0.060884,0.056776,0.051557,0.043801,0.014713
0.046502,0.023522,0.011405,0.005429,0.001505,0.001348,-0.003046,0.004900,-0.001771,-0.014300
0.045892,0.042371,0.041210,0.051080,0.050756,0.067096,0.058627,0.061040,0.057657,0.056326
0.155434,0.140216,0.135364,0.103589,0.100054,0.074884,0.080127,0.075975,0.059789,0.033068
0.050212,0.000386,0.020606,0.003921,-0.017389,-0.011739,-0.012289,-0.008531,-0.017145,-0.005130
-0.212705,-0.218114,-0.225945,-0.214260,-0.223988,-0.209099,-0.201799,-0.185205,-0.156530,-0.089171
-0.001688,0.015230,0.037050,0.048556,0.069630,0.065791,0.061610,0.053769,0.040528,0.029568
-0.006438,0.013023,0.013234,0.022392,0.020545,0.020518,0.015836,0.024675,0.020283,0.016899
0.120981,0.118660,0.106637,0.101507,0.107596,0.099651,0.094651,0.079216,0.064926,0.041241
-0.009429,-0.023418,-0.000917,-0.007427,-0.020381,-0.020495,-0.025385,-0.027801,-0.025337,-0.027499
0.068112,0.086890,0.080409,0.092418,0.075269,0.094565,0.099209,0.094446,0.084477,0.058692
0.044740,0.045058,0.052014,0.032150,0.022175,0.035832,0.013456,0.027284,0.015000,0.004743
-0.000342,-0.008328,-0.008248,-0.011496,0.001461,-0.012060,-0.015433,-0.013579,-0.014552,-0.013680
0.057146,0.047439,0.049211,0.051051,0.071943,0.055259,0.061932,0.055191,0.057544,0.043532
0.014127,0.018554,0.011231,0.009605,0.017372,0.021908,0.021798,0.038010,0.027753,0.011143
0.068350,0.078252,0.077381,0.089651,0.067763,0.073277,0.075350,0.077664,0.071081,0.061880
-0.005303,-0.001967,0.002423,-0.000797,-0.002563,-0.003240,-0.007020,0.009612,-0.005560,0.002454
-0.090292,-0.096896,-0.112040,-0.107071,-0.114783,-0.101885,-0.112191,-0.097224,-0.090725,-0.064773
0.028061,0.076844,0.074322,0.084117,0.077771,0.095683,0.086067,0.083893,0.078946,0.058032
0.098247,0.094452,0.098120,0.095712,0.080947,0.079337,0.074415,0.055819,0.040600,0.019534
0.186677,0.169665,0.128918,0.137002,0.105533,0.079018,0.084084,0.070004,0.061985,0.063304
0.029082,0.007668,0.004106,-0.016102,-0.009524,-0.013830,-0.009637,-0.031087,-0.023142,0.007688
-0.167781,-0.194390,-0.193986,-0.196342,-0.196170,-0.178397,-0.186566,-0.163183,-0.154685,-0.106764
0.007723,0.015014,0.036321,0.045676,0.061535,0.064361,0.072792,0.065283,0.069042,0.048481
0.048020,0.058448,0.052611,0.056481,0.067238,0.071054,0.074715,0.091118,0.077903,0.055029
0.029046,0.045376,0.044238,0.041353,0.041619,0.047681,0.048373,0.045434,0.044309,0.035631
0.075721,0.098179,0.093163,0.087705,0.094911,0.094876,0.098326,0.105218,0.089786,0.062097
0.077380,0.098744,0.090532,0.076832,0.078892,0.068052,0.063321,0.050795,0.040632,0.015321
0.114119,0.072550,0.060543,0.051319,0.040664,0.036112,0.040981,0.032837,0.036060,0.026985
0.105564,0.096495,0.079324,0.070839,0.059478,0.053402,0.044711,0.028434,0.018122,0.016669
0.075664,0.093453,0.111451,0.088488,0.088126,0.067415,0.091924,0.083047,0.083603,0.111573
-0.023316,-0.048810,-0.045305,-0.060300,-0.040556,-0.035117,-0.045604,-0.028084,-0.028154,-0.034966
0.064691,0.020987,0.024915,0.027879,-0.001633,0.004669,-0.003020,-0.010868,-0.013099,-0.048784
0.005587,-0.009014,-0.006363,-0.008663,-0.010503,-0.005378,-0.000412,0.013774,0.020232,0.016495
0.061605,0.076188,0.071560,0.079694,0.061741,0.059772,0.076801,0.078558,0.081345,0.037358
0.047854,0.032744,0.049865,0.037411,0.029731,0.036559,0.025449,0.026760,0.016865,-0.021337
0.054158,0.019195,0.038315,0.044835,0.024265,0.027019,0.027712,0.031374,0.025288,0.009215
-0.003505,0.009416,-0.003973,-0.017213,-0.012723,-0.015583,-0.024512,-0.020783,-0.019088,-0.007507
-0.019111,-0.029770,-0.037275,-0.029666,-0.018659,-0.033302,-0.023573,-0.021803,-0.021126,0.003113
-0.060999,-0.080433,-0.089356,-0.093468,-0.072662,-0.084506,-0.073182,-0.076473,-0.058020,-0.052689
-0.095004,-0.109886,-0.092474,-0.092337,-0.094272,-0.091678,-0.081394,-0.062898,-0.068981,-0.060864
0.040058,0.065753,0.064669,0.079100,0.081334,0.100283,0.086477,0.078450,0.065740,0.055989
0.008263,0.018642,0.016549,0.017527,0.011780,0.025749,0.042316,0.035854,0.035270,0.049645
-0.020107,-0.021330,-0.010396,-0.016443,-0.011965,-0.015614,-0.026271,-0.019056,-0.022367,-0.030297
0.010297,-0.004523,-0.005589,-0.010838,-0.008491,-0.014539,-0.024908,-0.037323,-0.042044,-0.023988
-0.031236,-0.062156,-0.056952,-0.051834,-0.054541,-0.043930,-0.047501,-0.044435,-0.042262,-0.052922
-0.006071,-0.004912,-0.010217,-0.024675,-0.028912,-0.009056,-0.006456,-0.009418,-0.004562,-0.010767
0.054504,0.046851,0.042772,0.044455,0.050691,0.046919,0.057748,0.060717,0.051197,0.040441
-0.015887,-0.030704,-0.010062,-0.017554,-0.021731,-0.022362,-0.019759,-0.030673,-0.030538,-0.028326
-0.021863,-0.042809,-0.042533,-0.036377,-0.039745,-0.023110,-0.037882,-0.025037,-0.020922,-0.023450
0.011879,-0.015740,-0.010644,-0.014840,-0.016842,-0.009509,-0.013755,-0.007724,-0.013114,-0.022996
0.013866,0.008404,0.032377,0.025060,0.048407,0.062892,0.069154,0.091479,0.104964,0.127753
0.069310,0.033478,0.036479,0.020555,0.044272,0.046220,0.043265,0.042261,0.036464,0.010624
0.132639,0.115823,0.121162,0.141338,0.137586,0.141520,0.140621,0.134546,0.138801,0.113233
0.158307,0.147890,0.129860,0.134032,0.122532,0.094831,0.081731,0.098594,0.078952,0.041194
0.065914,0.054783,0.035259,0.018349,0.020255,0.020254,0.014512,0.008276,0.010487,0.015062
0.268443,0.183597,0.142083,0.123521,0.123503,0.091089,0.081283,0.073937,0.053498,0.034363
0.034237,0.037287,0.037580,0.058851,0.049686,0.034251,0.043800,0.053958,0.040648,0.026562
0.047998,0.065594,0.048044,0.050963,0.043438,0.051267,0.037201,0.043746,0.038530,0.032865
0.081363,0.096115,0.082295,0.077802,0.088220,0.076501,0.078623,0.082171,0.068631,0.074016
0.123033,0.138948,0.141222,0.103266,0.106292,0.094403,0.070247,0.061663,0.042027,0.000012
0.057372,0.045487,0.044860,0.059582,0.048682,0.034026,0.034513,0.040034,0.033732,0.038075
0.001644,-0.014287,-0.017235,-0.033644,-0.032901,-0.037623,-0.017442,-0.027775,-0.027757,-0.032886
-0.043994,-0.054313,-0.063167,-0.053343,-0.034661,-0.033010,-0.037216,-0.033594,-0.021851,0.013687
-0.046977,-0.023097,-0.020482,-0.015717,-0.009459,0.010390,0.008871,0.023091,0.028983,0.015150
-0.047719,-0.071733,-0.066931,-0.071835,-0.065691,-0.055902,-0.060717,-0.070418,-0.056172,-0.018011
-0.020169,0.021585,0.016709,0.033126,0.035686,0.028227,0.047114,0.047922,0.050796,0.024782
-0.007687,-0.042492,-0.026941,-0.008005,-0.030155,-0.019571,-0.013006,-0.016767,-0.018081,-0.008164
0.033237,0.033090,0.031772,0.019628,0.014528,0.003229,-0.010611,-0.018631,-0.024710,-0.012261
-0.043110,-0.045619,-0.061309,-0.065505,-0.051677,-0.063134,-0.054210,-0.057867,-0.050857,-0.034850
0.025476,0.000910,-0.002089,-0.008595,0.009025,0.003154,0.006291,0.009983,0.004199,0.015582
-0.034755,-0.038048,-0.036602,-0.028732,-0.032942,-0.020930,-0.010412,-0.007188,0.000979,0.005169
-0.034246,-0.039489,-0.055546,-0.049876,-0.059821,-0.051659,-0.054359,-0.049976,-0.051568,-0.052508
-0.034647,-0.008696,0.005133,0.003407,0.006386,0.012975,0.026780,0.022966,0.033305,0.022693
-0.073264,-0.060159,-0.058756,-0.054843,-0.046804,-0.047152,-0.042099,-0.041239,-0.036752,-0.015047
0.054034,0.048107,0.059553,0.056160,0.083004,0.089702,0.094898,0.114554,0.123593,0.113303
-0.011828,0.014244,-0.004372,0.009858,0.002177,0.001209,0.001279,-0.005655,-0.002031,0.000972
-0.048348,-0.037705,-0.025337,-0.026533,-0.021915,-0.014228,-0.015341,-0.009465,-0.005833,0.002704
-0.058929,-0.034499,-0.030573,-0.042924,-0.034352,-0.024546,-0.017528,-0.019967,-0.007784,-0.009396
0.009577,-0.022511,-0.014935,-0.002822,0.000617,0.010308,0.008717,0.023970,0.023688,0.025068
0.110334,0.116665,0.119480,0.131858,0.146967,0.134129,0.133016,0.118334,0.111896,0.077342
0.097727,0.074241,0.056982,0.049534,0.043459,0.033413,0.022576,0.023797,0.016563,0.015261
-0.010203,-0.014709,-0.010078,-0.023737,-0.003138,-0.011135,-0.022830,-0.018560,-0.013397,0.001814
-0.020101,-0.017804,-0.020144,-0.013824,-0.014036,-0.005128,-0.006672,-0.012007,-0.000025,-0.001414
-0.017462,0.003893,0.005354,0.014981,0.012729,0.029346,0.031942,0.040054,0.044362,0.060460
-0.022834,-0.021295,-0.012188,0.006506,0.000829,0.020204,0.013402,0.018430,0.022805,0.016780
0.015888,0.019852,0.028088,0.028473,0.024224,0.020606,0.028600,0.022492,0.012906,-0.005162
0.019654,0.003724,-0.019733,-0.003126,-0.000351,-0.000891,-0.003803,-0.008294,-0.004822,-0.004732
-0.074006,-0.070238,-0.057080,-0.062068,-0.072213,-0.057268,-0.053020,-0.054621,-0.049623,-0.036158
-0.033215,0.002079,-0.005185,0.009158,0.027018,0.040988,0.034252,0.046156,0.034906,0.046868
0.028216,0.042750,0.039257,0.036389,0.053053,0.059516,0.066471,0.072045,0.065750,0.070429
-0.002080,0.013594,0.018818,0.032946,0.026893,0.038511,0.048357,0.041510,0.035136,0.044619
0.086720,0.062222,0.066751,0.051443,0.051533,0.030587,0.025672,0.017610,0.015051,0.007056
0.039884,0.046447,0.044632,0.056736,0.061966,0.061545,0.059226,0.079850,0.068318,0.073573
0.046275,0.051564,0.041786,0.042039,0.037441,0.046737,0.047730,0.046600,0.054532,0.054754
0.021551,0.017405,0.017981,0.015431,0.017228,0.012502,0.013150,0.014877,0.014235,-0.013361
0.032605,0.045502,0.038206,0.035958,0.037013,0.028099,0.035244,0.039741,0.046143,0.053207
0.007753,0.007746,-0.000664,0.004954,0.009030,0.007197,0.006566,0.011812,0.009980,0.015457
-0.070768,-0.079476,-0.076651,-0.081808,-0.072052,-0.082085,-0.080855,-0.085149,-0.079103,-0.054393
0.005942,-0.012894,-0.009044,-0.008058,0.011009,0.007657,0.026432,0.030520,0.045620,0.074410
-0.065624,-0.066937,-0.068776,-0.068000,-0.061809,-0.067020,-0.069475,-0.065128,-0.066186,-0.082088
-0.006626,0.010478,0.020249,0.020202,0.018306,0.022789,0.037920,0.037787,0.033590,0.053443
-0.027771,-0.015306,-0.014394,-0.007321,-0.011997,-0.009535,-0.003730,-0.005618,0.000324,0.019614
-0.058101,-0.054312,-0.043329,-0.044886,-0.045956,-0.037230,-0.028369,-0.021730,-0.021847,-0.026478
0.139010,0.104056,0.116324,0.114211,0.108899,0.107030,0.111143,0.109718,0.120344,0.131437
0.082008,0.077359,0.066484,0.081062,0.086281,0.079827,0.069397,0.072299,0.074257,0.042022
0.080444,0.058113,0.039433,0.031453,0.039245,0.011764,0.023279,0.031244,0.018004,0.023786
-0.005897,-0.004214,-0.018787,-0.017387,-0.028183,-0.022232,-0.026306,-0.028108,-0.028024,-0.014724
0.020327,0.011438,-0.002240,-0.002014,-0.015176,-0.006438,-0.009803,-0.006250,0.000083,0.007075
0.026520,0.007471,0.019620,0.007379,0.008215,0.011548,0.024505,0.018805,0.029854,0.048310
0.059399,0.038654,0.035084,0.023253,0.024013,0.027811,0.024912,0.033930,0.047952,0.045427
-0.016028,-0.007772,-0.008350,0.003164,0.012028,0.015128,0.019471,0.029614,0.031013,0.039822
-0.027760,-0.016247,-0.018726,-0.010197,-0.015048,-0.010362,-0.018996,-0.021983,-0.015642,-0.021648
-0.285003,-0.284105,-0.297582,-0.293362,-0.301934,-0.287801,-0.297453,-0.285899,-0.279315,-0.211591
-0.054834,-0.049850,-0.052990,-0.054782,-0.048757,-0.045586,-0.050181,-0.042248,-0.038539,-0.078646
-0.039681,-0.005741,-0.015359,0.009008,0.022545,0.043298,0.061284,0.070312,0.086877,0.070482
0.129905,0.111414,0.105658,0.099598,0.068830,0.068056,0.063617,0.049673,0.038819,0.043792
0.033777,0.020411,0.035520,0.058906,0.065646,0.069767,0.063060,0.080773,0.075874,0.047332
0.033070,0.042231,0.031428,0.029132,0.042317,0.043859,0.043566,0.030976,0.020797,-0.026085
0.018787,-0.000262,0.011267,0.008635,0.008688,0.011224,0.018730,0.016655,0.013320,0.010307
-0.007462,-0.022075,-0.016569,-0.028511,-0.037758,-0.027171,-0.019567,-0.023768,-0.008930,0.004206
0.023138,0.044926,0.033272,0.049815,0.043862,0.054991,0.060734,0.067673,0.070067,0.048496
0.007201,0.012643,0.005459,0.007150,-0.009042,-0.004611,-0.000688,-0.006059,-0.016578,-0.006604
-0.024290,-0.041996,-0.013411,-0.022580,-0.015673,-0.030034,-0.026849,-0.023529,-0.026634,-0.028536
0.018407,0.003572,0.007066,0.007987,0.008593,0.014934,0.023344,0.023608,0.024771,0.040577
-0.028345,-0.025759,-0.021630,-0.016143,-0.014472,-0.015253,-0.011786,-0.001185,-0.002518,0.022783
-0.038957,-0.049464,-0.040797,-0.049747,-0.038186,-0.034941,-0.033763,-0.029810,-0.021329,-0.014056
0.000965,-0.006682,0.010293,0.026099,0.022514,0.024238,0.034968,0.030564,0.035329,0.018735
0.115789,0.067996,0.068171,0.049761,0.037327,0.041997,0.049921,0.043828,0.056036,0.069297
-0.023298,-0.002799,-0.000523,0.012189,0.002700,0.006980,0.001971,0.007761,0.005436,-0.021161
0.009670,0.017562,0.009264,0.014478,0.014266,0.020789,0.024101,0.016385,0.022308,0.021715
0.024815,0.024797,0.011220,0.014232,0.024681,0.023907,0.022952,0.041544,0.050262,0.049764
0.004292,0.028637,0.015404,0.021589,0.026204,0.023505,0.032573,0.036385,0.040035,0.040096
-0.004995,-0.017072,-0.001275,-0.012225,-0.014153,-0.013542,-0.010134,-0.013223,-0.010631,-0.003426
-0.007706,0.016564,0.017987,0.022892,0.028324,0.034735,0.042840,0.045345,0.045250,0.084877
-0.007592,0.020473,0.026189,0.025516,0.013426,0.020634,0.021973,0.028377,0.033367,0.020633
0.013060,0.013410,0.008048,0.006861,0.003879,0.004612,0.003084,0.004631,-0.000381,-0.002201
-0.037918,-0.056482,-0.047705,-0.047827,-0.055333,-0.049073,-0.063505,-0.052470,-0.047860,-0.024561
-0.036719,-0.005568,-0.015008,-0.006125,-0.008983,0.002230,0.007826,0.007586,0.009395,0.020143
-0.025918,-0.011271,-0.006530,-0.019303,-0.018475,-0.007879,0.001808,0.001745,0.004135,0.021908
0.028259,-0.018930,-0.050966,-0.046513,-0.049237,-0.063573,-0.070873,-0.074712,-0.081609,-0.069153
0.034140,0.000116,0.006758,0.009559,-0.001490,0.008981,0.014934,0.025375,0.022241,0.013933
0.003736,0.023099,0.027838,-0.001053,0.015722,0.025910,0.025184,0.025420,0.026959,0.023903
-0.011357,-0.034002,-0.025361,-0.017432,-0.034661,-0.033925,-0.032424,-0.028173,-0.039002,-0.026982
0.006726,0.008763,0.020031,0.028837,0.039302,0.044672,0.052093,0.071781,0.070143,0.093959
0.020309,-0.010716,0.014927,0.001270,0.020338,0.011881,0.003610,0.001037,0.000012,-0.005457
-0.030079,-0.018992,-0.014204,-0.042225,-0.043611,-0.036485,-0.035483,-0.032731,-0.030536,-0.004829
-0.092211,-0.103225,-0.091177,-0.112903,-0.137941,-0.133272,-0.122100,-0.119088,-0.110038,-0.087306
-0.033356,-0.066650,-0.092733,-0.081888,-0.089839,-0.084543,-0.087868,-0.083576,-0.078945,-0.048575
-0.078145,-0.074820,-0.061382,-0.061525,-0.062730,-0.060869,-0.053382,-0.047735,-0.040933,-0.006215
-0.047541,-0.030189,0.001091,0.000394,0.031561,0.043222,0.050485,0.069700,0.080339,0.065520
-0.010129,-0.033591,-0.022346,-0.018358,-0.005093,0.010151,0.029737,0.033454,0.043012,0.028844
0.117351,0.093256,0.078762,0.080112,0.069132,0.079195,0.083005,0.082293,0.072691,0.044418
0.183803,0.150810,0.127266,0.130196,0.138812,0.134319,0.127541,0.097688,0.098019,0.070534
0.115873,0.090893,0.091891,0.103041,0.090987,0.067082,0.055904,0.064508,0.044959,0.024098
0.070405,0.055706,0.036092,0.022913,0.030740,0.004972,-0.007350,0.007004,0.006151,0.002652
0.038458,0.019152,0.010785,0.017629,0.023430,0.035676,0.035502,0.045383,0.043098,0.040796
0.000994,-0.025322,-0.045422,-0.043296,-0.039224,-0.036518,-0.051104,-0.037289,-0.041935,-0.044564
0.032001,0.013594,0.013796,0.033565,0.029735,0.041152,0.035834,0.041226,0.048785,0.047443
0.037668,0.017403,0.009775,0.026924,0.025814,0.047036,0.043101,0.035041,0.031737,0.025411
0.017997,0.026978,0.014026,0.011709,0.020971,0.013257,0.015092,0.008078,-0.005312,-0.013729
0.012812,0.028680,0.047121,0.015349,0.042379,0.049493,0.031741,0.021628,0.022256,0.016135
0.020313,0.007863,-0.015059,-0.012298,-0.023502,-0.051832,-0.054905,-0.051448,-0.038108,-0.036315
-0.003525,-0.010754,0.022625,0.039769,0.051704,0.063434,0.063045,0.095082,0.104214,0.110437
0.337002,0.257489,0.190335,0.170581,0.128623,0.114316,0.075405,0.081333,0.048697,-0.015258
0.116535,0.107245,0.054940,0.053856,0.040540,0.046879,0.024734,0.013116,0.023114,0.010770
0.011332,-0.004986,-0.006242,-0.015327,-0.018006,-0.020797,-0.043378,-0.041019,-0.023242,-0.022737
-0.061050,-0.050697,-0.047054,-0.058881,-0.046446,-0.042153,-0.045099,-0.040014,-0.015750,0.022780
0.007519,0.005154,0.001468,-0.010175,0.003328,0.007207,0.002132,0.011289,0.005752,0.006526
-0.023985,-0.043095,-0.052598,-0.050543,-0.046930,-0.044533,-0.049071,-0.034279,-0.025607,-0.016315
0.002050,0.015872,0.026099,0.019096,0.033744,0.036125,0.036931,0.037694,0.034590,0.040957
-0.039610,-0.044861,-0.034621,-0.028013,-0.026817,-0.025353,-0.024098,-0.024671,-0.025826,-0.019793
0.001037,0.007525,0.004421,0.006275,0.018018,0.021800,0.019840,0.023968,0.019131,0.010934
0.008119,0.000382,0.006341,0.012634,0.021808,0.024671,0.019259,0.033500,0.026902,0.007766
0.076905,0.084475,0.057723,0.059502,0.079903,0.085735,0.076213,0.072235,0.059615,0.034312
0.027903,0.044820,0.041417,0.064075,0.040872,0.042923,0.027595,0.036814,0.033609,0.013752
0.169574,0.103473,0.065511,0.077373,0.078074,0.047040,0.030472,0.033350,0.022716,0.008259
0.004101,-0.004819,-0.008274,-0.020328,-0.020273,-0.024628,-0.022616,-0.015313,-0.011462,0.009823
0.032872,0.019334,0.036331,0.030654,0.020793,0.029956,0.021900,0.029264,0.036293,0.023697
0.008059,-0.005192,-0.009507,-0.013972,-0.011384,-0.032809,-0.022464,-0.022768,-0.021424,-0.026245
0.051371,0.052845,0.028502,0.031842,0.022950,0.037541,0.043064,0.043645,0.038345,0.027379
0.022639,0.040074,0.020728,0.018060,0.002942,0.005744,-0.000187,0.003972,0.010194,0.004706
0.027206,0.020999,0.006017,0.020504,0.019240,0.007096,0.010909,0.012515,0.007998,-0.003465
0.012714,0.030511,0.046717,0.034926,0.041347,0.042839,0.048455,0.045604,0.043469,0.038420
0.057409,0.035422,0.036390,0.038931,0.022293,0.027641,0.029395,0.026184,0.016453,-0.004699
0.060835,0.040160,0.053212,0.045210,0.050453,0.040492,0.032705,0.013242,0.013182,0.017203
-0.018971,-0.038255,-0.032594,-0.042025,-0.044211,-0.032985,-0.038048,-0.035225,-0.030713,-0.013369
-0.025702,0.015141,-0.016477,0.019653,0.012506,0.026630,0.029065,0.037440,0.039991,0.015852
0.076793,0.048936,0.056013,0.051278,0.054937,0.042852,0.035293,0.029819,0.028362,0.031037
0.014479,-0.014829,-0.013885,-0.019470,-0.021672,-0.008702,-0.012795,-0.012412,-0.010713,-0.027248
-0.030600,-0.029618,-0.043118,-0.051117,-0.056518,-0.054102,-0.062469,-0.062581,-0.053093,-0.043261
-0.038140,-0.026894,-0.020025,-0.020023,-0.021742,-0.013970,0.001811,-0.003594,0.007076,0.012022
0.024045,-0.009185,-0.001673,-0.003581,-0.000921,-0.011103,0.001941,-0.010007,-0.007224,0.013360
-0.047975,-0.018555,-0.020422,-0.016891,-0.017679,-0.038577,-0.033047,-0.031793,-0.026138,-0.027809
0.006656,0.005239,0.013413,0.003859,0.010941,0.005799,0.009926,0.016385,0.025245,0.033751
0.003587,0.024651,0.024796,0.015635,0.025006,0.036902,0.046083,0.050695,0.053818,0.041371
0.024128,0.012359,0.014694,0.020851,0.008230,0.009039,0.002324,0.000627,-0.009588,-0.022484
-0.005838,0.014137,-0.002462,0.004220,0.008852,0.002119,-0.007823,-0.006924,-0.002270,0.019031
-0.040616,-0.039451,-0.032903,-0.038876,-0.037429,-0.035664,-0.038585,-0.035707,-0.046385,-0.036130
-0.041158,-0.032494,-0.014007,-0.016337,-0.006662,-0.018123,0.012158,0.020210,0.015820,0.013200
0.076710,0.043262,0.033346,0.041612,0.036789,0.022408,0.011930,-0.004384,-0.007736,0.024722
0.005507,0.016317,0.020046,0.024825,0.027375,0.032905,0.029991,0.034603,0.046225,0.039915
0.008477,0.016891,0.003965,0.016773,0.021352,0.012455,0.019345,0.025998,0.019978,0.028672
0.022123,0.029745,0.026622,0.021721,0.028432,0.022438,0.034023,0.021553,0.017835,0.025834
0.017484,0.011519,0.021703,0.027726,0.024011,0.022765,0.025425,0.023009,0.013785,0.037642
0.060927,0.063282,0.068762,0.066576,0.055440,0.052415,0.056664,0.048032,0.038732,0.027579
0.064754,0.067267,0.051262,0.059181,0.063534,0.070153,0.055485,0.052044,0.063470,0.036024
0.054626,0.046110,0.043100,0.047716,0.040688,0.028007,0.019378,0.015724,0.012101,0.006954
0.052873,0.039774,0.027763,0.022954,0.026398,0.029324,0.018684,0.023841,0.015689,0.040489
-0.059657,-0.037286,-0.038761,-0.051673,-0.041457,-0.043097,-0.047910,-0.037312,-0.030059,-0.004915
-0.027636,0.007241,-0.001182,0.028100,0.041554,0.017509,0.037974,0.047201,0.033709,0.044688
0.008979,-0.002111,0.019501,0.020939,0.011259,0.028763,0.031492,0.018833,0.013038,0.014549
0.091562,0.049975,0.031907,0.025538,0.026622,0.014609,0.016209,0.015633,0.002924,0.031950
0.060047,0.034531,0.039070,0.028721,0.027414,0.025501,0.024627,0.028110,0.028247,0.013741
0.041062,0.008931,0.024511,0.020234,0.021024,0.022357,0.028924,0.010321,0.018966,0.009166
0.072645,0.044189,0.054868,0.063527,0.072446,0.083106,0.068549,0.061438,0.049631,0.017808
0.124205,0.114219,0.084866,0.064576,0.061321,0.068275,0.048040,0.036612,0.026509,0.023625
-0.035066,-0.041039,-0.052697,-0.047591,-0.052494,-0.057552,-0.036801,-0.035139,-0.036409,-0.000561
-0.109475,-0.109209,-0.097841,-0.086153,-0.079435,-0.095179,-0.086099,-0.084954,-0.071609,-0.047400
0.022842,0.032676,0.044535,0.036967,0.043148,0.062146,0.056839,0.059037,0.054771,0.027209
0.009386,0.017933,0.026562,0.024470,0.032283,0.035171,0.036328,0.044913,0.045098,0.055928
-0.040761,-0.027575,-0.025632,-0.031445,-0.015098,-0.020830,-0.015416,-0.021595,-0.009804,0.020775
0.006890,0.001725,0.005617,0.018389,0.014778,0.025854,0.020129,0.024717,0.043827,0.073589
-0.021532,-0.012461,0.005417,0.005092,0.024088,0.015703,0.027763,0.020306,0.010125,-0.017514
0.143188,0.094100,0.082236,0.068144,0.047257,0.044785,0.034130,0.029089,0.021475,0.058426
-0.009731,-0.017325,-0.014397,-0.016481,-0.012209,-0.015411,-0.023514,-0.022755,-0.022288,0.003220
-0.063197,-0.052749,-0.047000,-0.046588,-0.055594,-0.052792,-0.057141,-0.046388,-0.049994,-0.043627
-0.042520,-0.040794,-0.033316,-0.036651,-0.034012,-0.035202,-0.024820,-0.009680,0.007283,0.053110
0.025401,0.048213,0.055306,0.077632,0.089921,0.098470,0.114143,0.111379,0.104391,0.065252
0.035124,0.023454,0.052389,0.041536,0.046738,0.049949,0.065357,0.060307,0.043992,0.042821
0.027371,0.039906,0.049957,0.059659,0.053189,0.056950,0.044312,0.047722,0.057121,0.081509
0.049682,0.033775,0.053739,0.038785,0.032341,0.038362,0.029927,0.020473,0.010996,-0.048059
0.074205,0.107962,0.093906,0.097668,0.099442,0.089775,0.075230,0.083255,0.062378,0.054874
0.016854,-0.006650,-0.009580,-0.029755,-0.036764,-0.045395,-0.042239,-0.044168,-0.042330,-0.033070
-0.038696,-0.024958,-0.015567,-0.028833,-0.028330,-0.019932,-0.009957,-0.021320,-0.004263,0.040189
-0.067492,-0.042632,-0.023726,-0.018697,-0.007649,-0.000724,0.004838,0.016703,0.020439,0.019135
0.078708,0.022566,0.008370,0.005694,0.010818,-0.015122,0.005613,-0.008694,-0.009201,0.006571
0.040580,0.040307,0.049560,0.048929,0.054696,0.059234,0.070083,0.065558,0.082573,0.073430
0.038040,0.047118,0.035069,0.052037,0.049730,0.043528,0.040225,0.043935,0.042934,0.052933
0.051106,0.049401,0.034133,0.029215,0.017962,0.008427,0.016168,0.009954,0.002720,0.011242
-0.039918,-0.044151,-0.042479,-0.038609,-0.048613,-0.055003,-0.056894,-0.046327,-0.050894,-0.020729
-0.061143,-0.051517,0.003374,-0.042124,-0.035149,-0.021101,0.004234,-0.003603,0.008608,0.038615
-0.063261,-0.039296,-0.053093,-0.061788,-0.052161,-0.057251,-0.057036,-0.071800,-0.069241,-0.014916
-0.201933,-0.204776,-0.220220,-0.199748,-0.208326,-0.202924,-0.203366,-0.198271,-0.188241,-0.150669
0.004761,0.007321,0.047622,0.026378,0.040963,0.049414,0.073620,0.074134,0.066554,0.063712
-0.003502,-0.014782,0.025684,0.022280,0.021287,0.021369,0.028750,0.034392,0.047373,0.080889
0.112677,0.093880,0.083098,0.062795,0.090166,0.076922,0.081467,0.061715,0.050627,0.062019
-0.010403,-0.015292,-0.009430,0.034982,0.035782,0.036648,0.056225,0.048108,0.070033,0.064175
0.179875,0.118409,0.092414,0.058077,0.041476,0.037740,0.005922,0.007603,-0.000440,0.042621
-0.008449,-0.044449,-0.043257,-0.046364,-0.056522,-0.061446,-0.062229,-0.079292,-0.058164,-0.034330
-0.024302,-0.051425,-0.019002,-0.029060,-0.019449,-0.008348,0.011634,0.019939,0.039110,0.040343
0.091852,0.083468,0.101790,0.061025,0.092729,0.100520,0.080936,0.073341,0.097293,0.043093
0.029618,0.038548,0.017402,0.025755,0.018804,0.005331,0.007342,0.014635,-0.004666,-0.024594
0.002498,0.017343,0.027237,0.034356,0.042593,0.059641,0.064134,0.068587,0.054699,0.050016
0.038957,0.032682,0.014952,0.013926,0.009685,-0.003487,-0.025108,-0.005590,-0.019292,-0.033540
-0.042267,-0.023234,-0.032601,-0.023303,-0.022499,-0.032176,-0.023840,-0.026588,-0.023159,-0.007538
0.004480,0.007146,-0.030334,-0.027397,-0.001462,-0.002607,0.004007,0.004443,-0.009818,-0.025828
-0.004661,0.015060,0.015901,0.000714,0.002254,-0.007381,0.004655,0.028464,0.043284,0.067809
0.125491,0.131317,0.150518,0.102377,0.097894,0.098260,0.087359,0.085237,0.090232,0.027981
0.146357,0.211733,0.183293,0.152719,0.133397,0.139399,0.116750,0.153284,0.137646,0.073810
0.207740,0.094947,0.096488,0.053805,0.053869,0.041452,-0.001963,-0.019774,-0.024136,-0.044582
0.240418,0.159177,0.141200,0.160683,0.142641,0.126854,0.164275,0.092865,0.103258,0.018503
-0.027663,-0.055455,-0.033887,-0.045594,-0.055114,-0.025082,-0.075443,-0.018916,-0.015834,0.067990
-0.170378,-0.137267,-0.136896,-0.121369,-0.119370,-0.120302,-0.099653,-0.092632,-0.089330,-0.053081
-0.087059,-0.053094,-0.074649,-0.074107,-0.075941,-0.083794,-0.054400,-0.038727,-0.053943,-0.036570
0.056428,0.041152,0.086363,0.113986,0.118997,0.137743,0.147712,0.085673,0.070130,0.045535
-0.023833,-0.031881,-0.038285,-0.043854,-0.038567,-0.025990,-0.038641,-0.022551,-0.036770,-0.014458
0.068825,0.051812,0.049296,0.071948,0.099860,0.080019,0.072625,0.086846,0.073061,0.075622
-0.030076,-0.019349,-0.012727,-0.026986,-0.022228,-0.020389,-0.017694,-0.034034,-0.054143,-0.052985
-0.106276,-0.065300,-0.084619,-0.075889,-0.068231,-0.076338,-0.058490,-0.064459,-0.045260,-0.019356
-0.122512,-0.094651,-0.100400,-0.114991,-0.105997,-0.119321,-0.131697,-0.115305,-0.106705,-0.100903
-0.072849,-0.009388,-0.023589,0.014969,0.028605,0.054387,0.082479,0.086517,0.079425,0.012081
0.542924,0.353429,0.285395,0.260411,0.209665,0.199631,0.149037,0.104892,0.055576,0.030911
-0.134064,-0.088562,-0.096523,-0.083385,-0.086423,-0.099211,-0.098536,-0.093558,-0.090655,-0.100288
-0.112741,-0.089634,-0.075948,-0.053325,-0.041176,-0.060892,-0.061384,-0.051814,-0.069239,-0.071402
0.042498,0.053430,0.044658,0.030522,0.041087,0.059274,0.077878,0.082215,0.098039,0.083762
0.080882,0.087802,0.077559,0.077060,0.084814,0.102758,0.056547,0.032066,0.026970,0.005962
-0.005509,0.015999,0.015679,0.015960,0.039696,0.012939,0.063483,0.048107,0.000258,-0.023559
-0.020549,0.010963,0.000161,-0.002067,-0.016038,-0.039139,-0.045542,-0.046426,-0.027477,-0.015851
-0.018399,-0.019864,-0.024466,-0.026463,-0.023440,-0.023706,-0.032634,-0.033032,-0.037736,-0.063212
-0.118349,-0.096182,-0.096244,-0.091851,-0.113475,-0.119648,-0.143943,-0.140112,-0.127798,-0.085211
0.067687,0.096139,0.057568,0.063053,0.046086,0.054402,0.061553,0.057605,0.050125,0.023776
0.059298,0.066180,0.049405,0.038206,0.063973,0.073537,0.075831,0.070708,0.075537,0.079773
0.052536,0.054672,0.046980,0.050703,0.061284,0.062215,0.055733,0.060316,0.066254,0.010495
0.103275,0.055257,0.046200,0.025438,0.012770,-0.005994,-0.012118,-0.008534,-0.020939,-0.016687
-0.049098,-0.032286,-0.027243,-0.028887,-0.042176,-0.042818,-0.031116,-0.031977,-0.018447,-0.020976
0.086237,0.062941,0.074509,0.054835,0.074420,0.079439,0.083616,0.076706,0.070043,0.039758
0.010821,0.011106,0.017787,0.012418,0.012047,0.020188,0.009511,0.001548,-0.013206,-0.057949
0.002296,0.001722,0.006162,0.020724,-0.001232,-0.029390,-0.038327,-0.037084,-0.027059,-0.007194
-0.021772,-0.061377,-0.051214,-0.051410,-0.023153,-0.023864,-0.025748,-0.048388,-0.071122,-0.073302
-0.084203,-0.096553,-0.088755,-0.086753,-0.112913,-0.124055,-0.144665,-0.132209,-0.097299,-0.074785
0.021200,-0.000842,0.009529,0.004660,-0.005560,-0.003350,0.012963,0.010648,0.012998,0.007517
0.005228,-0.059004,-0.050463,-0.051711,-0.066192,-0.062348,-0.058564,-0.074365,-0.077963,-0.105437
-0.023627,0.013521,0.015600,0.012519,0.012365,0.015348,0.010468,0.012796,0.036668,0.085041
-0.036977,0.062249,0.066575,0.052139,0.068101,0.075442,0.067356,0.071008,0.072723,0.059651
0.108922,0.002270,-0.008339,0.007883,-0.019252,-0.034442,-0.027690,-0.040381,-0.036723,-0.057289
0.084935,0.027999,0.028130,0.012311,-0.002321,-0.016398,-0.025767,-0.018585,-0.022926,-0.024235
-0.014328,-0.004657,-0.018076,-0.022953,-0.016880,-0.024030,-0.025973,-0.028454,-0.022583,-0.013813
0.006936,0.015410,-0.000432,0.007566,0.018062,0.018810,0.009169,0.013304,0.013071,0.009848
0.096436,0.097783,0.072468,0.088266,0.099197,0.090570,0.100312,0.096259,0.091514,0.080758
0.202563,0.158195,0.137784,0.165413,0.111731,0.118875,0.118676,0.104664,0.090985,0.055961
0.075154,0.078215,0.073161,0.062554,0.034682,0.050220,0.025942,0.020703,0.020951,0.014295
0.077242,0.107599,0.076835,0.063836,0.068860,0.064074,0.075330,0.038327,0.039013,0.018047
0.064206,0.053671,0.045555,0.043823,0.032166,0.045078,0.046400,0.045043,0.048773,0.020495
0.063375,0.061972,0.044921,0.049789,0.032122,0.006253,-0.014015,-0.013627,-0.013774,-0.009660
0.123433,0.105647,0.099152,0.095931,0.081009,0.093161,0.086675,0.070712,0.078382,0.055972
0.062639,0.046258,0.050664,0.040754,0.044255,0.038378,0.031226,0.036884,0.033768,0.012370
0.024295,0.017437,0.027185,0.040521,0.026294,0.021844,0.020562,0.025603,0.024987,0.050235
