25.590,24.120,0.688,0.674,0.718,0.751,0.687,0.506,3.790
26.300,24.670,0.697,0.691,0.734,0.755,0.702,0.536,3.790
25.420,23.230,0.658,0.654,0.699,0.742,0.669,0.487,4.190
24.400,22.900,0.664,0.666,0.665,0.754,0.646,0.443,2.980
24.240,22.980,0.671,0.668,0.684,0.847,0.693,0.409,2.910
23.490,22.530,0.649,0.646,0.649,0.852,0.648,0.382,2.530
22.210,20.830,0.621,0.622,0.634,0.805,0.642,0.373,2.300
22.180,20.540,0.620,0.614,0.596,0.771,0.604,0.383,1.910
20.830,19.830,0.605,0.596,0.562,0.725,0.580,0.408,1.820
20.770,19.360,0.612,0.599,0.534,0.727,0.545,0.388,1.860
20.640,19.100,0.614,0.606,0.537,0.742,0.560,0.392,1.960
21.720,19.510,0.625,0.634,0.558,0.760,0.565,0.383,1.910
20.830,18.730,0.600,0.621,0.559,0.774,0.561,0.378,1.840
19.760,17.840,0.589,0.586,0.554,0.777,0.544,0.353,1.880
19.380,17.140,0.581,0.590,0.570,0.757,0.549,0.347,1.980
19.650,17.330,0.584,0.586,0.582,0.736,0.543,0.343,2.040
19.850,17.760,0.590,0.585,0.591,0.711,0.532,0.354,2.140
19.990,18.080,0.605,0.579,0.583,0.641,0.531,0.351,2.150
19.940,18.060,0.596,0.578,0.551,0.601,0.529,0.349,2.290
21.450,19.420,0.631,0.609,0.569,0.617,0.559,0.351,2.220
21.430,19.910,0.640,0.638,0.574,0.636,0.566,0.359,2.220
20.900,19.150,0.625,0.623,0.556,0.647,0.552,0.353,2.280
20.120,18.300,0.584,0.590,0.540,0.625,0.533,0.351,2.170
18.880,16.880,0.543,0.548,0.513,0.576,0.511,0.343,2.160
18.930,17.270,0.542,0.535,0.515,0.578,0.518,0.340,2.220
19.000,17.740,0.536,0.535,0.521,0.579,0.526,0.341,2.270
19.950,18.410,0.557,0.566,0.537,0.573,0.542,0.349,2.150
19.440,18.170,0.566,0.584,0.522,0.552,0.525,0.346,2.150
19.490,18.260,0.580,0.589,0.522,0.562,0.526,0.346,2.240
19.520,18.570,0.576,0.583,0.528,0.563,0.535,0.349,2.200
20.130,18.960,0.660,0.630,0.550,0.620,0.560,0.354,2.220
20.350,19.170,0.693,0.637,0.559,0.671,0.573,0.364,2.370
19.990,18.630,0.696,0.638,0.543,0.679,0.560,0.367,2.530
19.920,18.600,0.742,0.671,0.537,0.700,0.556,0.374,2.540
19.500,17.830,0.696,0.642,0.517,0.674,0.546,0.375,2.580
19.610,18.100,0.674,0.598,0.521,0.666,0.535,0.383,2.770
19.440,18.110,0.619,0.572,0.507,0.637,0.522,0.383,2.760
19.440,18.220,0.605,0.546,0.526,0.633,0.535,0.386,2.850
20.120,18.830,0.602,0.538,0.553,0.647,0.558,0.389,3.080
21.620,20.140,0.626,0.569,0.586,0.651,0.582,0.406,3.000
22.010,20.750,0.603,0.563,0.582,0.653,0.582,0.404,2.830
21.030,19.550,0.569,0.539,0.562,0.667,0.560,0.393,2.890
21.000,19.560,0.572,0.540,0.568,0.698,0.567,0.397,3.210
20.920,19.270,0.568,0.541,0.563,0.742,0.565,0.393,3.420
20.650,19.140,0.556,0.533,0.567,0.761,0.557,0.375,3.160
20.660,19.590,0.563,0.534,0.575,0.722,0.564,0.367,3.250
19.810,19.200,0.553,0.523,0.561,0.675,0.545,0.356,2.890
19.300,18.850,0.557,0.521,0.544,0.620,0.519,0.333,2.550
18.690,17.920,0.532,0.505,0.521,0.600,0.493,0.322,2.510
18.440,17.320,0.514,0.484,0.516,0.602,0.494,0.336,2.340
18.310,17.040,0.521,0.499,0.514,0.594,0.506,0.341,2.340
18.310,17.060,0.517,0.501,0.502,0.603,0.491,0.349,2.210
17.580,16.000,0.498,0.499,0.490,0.612,0.496,0.333,2.260
16.830,15.380,0.487,0.478,0.467,0.589,0.475,0.318,2.110
16.470,14.920,0.478,0.451,0.457,0.571,0.471,0.299,2.050
16.020,14.720,0.456,0.430,0.453,0.546,0.462,0.288,2.110
17.300,15.610,0.483,0.469,0.478,0.542,0.492,0.297,2.080
16.650,14.920,0.446,0.439,0.458,0.525,0.468,0.303,2.280
16.250,14.360,0.450,0.452,0.447,0.502,0.451,0.302,2.210
16.030,13.680,0.459,0.463,0.438,0.489,0.445,0.300,2.200
15.300,13.320,0.444,0.445,0.429,0.472,0.431,0.288,2.220
15.230,13.130,0.437,0.423,0.425,0.441,0.423,0.278,2.180
14.400,12.310,0.405,0.386,0.399,0.436,0.395,0.261,2.220
14.040,11.950,0.438,0.414,0.401,0.433,0.390,0.261,2.230
16.420,14.610,0.494,0.474,0.454,0.568,0.439,0.296,2.300
15.980,13.790,0.477,0.461,0.440,0.564,0.420,0.281,2.410
15.550,12.990,0.451,0.445,0.425,0.532,0.414,0.289,2.570
15.530,13.550,0.460,0.469,0.427,0.530,0.431,0.291,2.460
14.500,13.640,0.478,0.467,0.430,0.551,0.426,0.299,2.400
15.710,14.000,0.495,0.488,0.435,0.598,0.437,0.291,2.230
15.480,13.950,0.499,0.488,0.434,0.566,0.432,0.286,2.140
15.030,14.390,0.489,0.484,0.414,0.524,0.421,0.279,2.200
13.910,14.560,0.459,0.466,0.395,0.487,0.403,0.268,2.130
14.990,14.450,0.472,0.477,0.390,0.469,0.396,0.259,2.090
15.020,13.630,0.468,0.472,0.383,0.461,0.397,0.259,2.100
13.420,12.460,0.430,0.428,0.377,0.471,0.384,0.243,2.000
12.040,10.920,0.425,0.420,0.364,0.474,0.377,0.236,2.110
14.170,11.960,0.435,0.432,0.387,0.472,0.399,0.242,2.380
14.410,11.870,0.446,0.445,0.385,0.470,0.395,0.245,2.390
13.940,11.660,0.449,0.444,0.367,0.471,0.389,0.242,2.360
14.480,12.040,0.440,0.434,0.372,0.465,0.401,0.246,2.210
13.890,12.120,0.397,0.395,0.349,0.470,0.377,0.249,2.050
14.240,12.610,0.392,0.378,0.352,0.476,0.373,0.246,1.950
13.830,12.100,0.409,0.386,0.351,0.480,0.381,0.245,1.860
13.120,11.390,0.408,0.378,0.339,0.465,0.375,0.240,1.850
13.330,12.000,0.404,0.375,0.340,0.452,0.367,0.241,1.930
13.650,12.160,0.393,0.363,0.348,0.457,0.366,0.241,1.810
13.980,12.420,0.401,0.370,0.372,0.458,0.392,0.234,1.720
14.450,12.610,0.399,0.376,0.391,0.486,0.408,0.238,1.830
14.880,12.920,0.426,0.404,0.403,0.492,0.424,0.254,2.070
15.780,14.550,0.455,0.426,0.420,0.486,0.434,0.261,2.240
15.830,14.430,0.460,0.446,0.416,0.479,0.434,0.254,2.200
15.020,13.610,0.448,0.440,0.392,0.465,0.436,0.255,1.990
14.210,12.450,0.424,0.409,0.371,0.467,0.418,0.255,1.730
13.810,11.740,0.422,0.393,0.377,0.476,0.411,0.258,1.900
14.340,12.350,0.437,0.400,0.392,0.508,0.413,0.260,1.890
14.130,11.900,0.430,0.379,0.381,0.507,0.410,0.257,2.110
13.630,11.360,0.388,0.346,0.374,0.471,0.387,0.258,2.270
12.400,10.560,0.344,0.313,0.345,0.450,0.353,0.246,2.120
11.620,10.560,0.319,0.296,0.332,0.438,0.326,0.232,2.080
11.280,9.850,0.298,0.287,0.309,0.394,0.304,0.207,1.340
11.160,9.440,0.296,0.290,0.308,0.385,0.301,0.211,1.600
11.500,9.890,0.320,0.307,0.322,0.391,0.309,0.213,1.930
11.000,9.780,0.296,0.277,0.309,0.390,0.294,0.209,1.950
11.830,10.410,0.328,0.304,0.321,0.398,0.315,0.206,1.840
12.670,10.940,0.358,0.337,0.350,0.410,0.352,0.216,2.000
12.620,11.360,0.351,0.330,0.342,0.439,0.336,0.215,1.810
12.260,11.040,0.323,0.314,0.322,0.416,0.322,0.216,1.810
12.460,11.110,0.335,0.314,0.324,0.403,0.325,0.221,1.760
12.160,10.520,0.333,0.326,0.312,0.398,0.321,0.224,1.790
11.810,9.880,0.308,0.291,0.295,0.382,0.300,0.224,1.810
11.660,10.070,0.300,0.278,0.290,0.379,0.295,0.223,1.790
12.360,10.580,0.324,0.307,0.318,0.401,0.316,0.226,1.700
12.900,10.790,0.360,0.326,0.334,0.483,0.327,0.223,1.690
14.190,11.670,0.400,0.403,0.374,0.608,0.364,0.234,1.870
14.910,12.750,0.429,0.435,0.395,0.589,0.382,0.248,1.750
15.550,13.570,0.451,0.461,0.417,0.663,0.403,0.252,1.790
16.610,14.620,0.512,0.500,0.439,0.705,0.435,0.258,1.920
16.450,14.130,0.505,0.492,0.425,0.666,0.429,0.264,2.040
16.770,14.700,0.490,0.490,0.424,0.565,0.426,0.280,2.120
17.930,16.070,0.493,0.500,0.434,0.547,0.431,0.299,2.180
18.230,16.180,0.511,0.510,0.441,0.551,0.432,0.292,2.300
18.620,16.480,0.525,0.516,0.450,0.548,0.439,0.290,2.300
18.000,15.220,0.501,0.484,0.433,0.530,0.423,0.281,2.240
17.180,14.550,0.469,0.467,0.406,0.523,0.403,0.278,2.270
17.070,14.900,0.473,0.465,0.402,0.563,0.397,0.283,2.230
16.770,14.490,0.459,0.457,0.397,0.638,0.400,0.283,2.340
17.960,16.130,0.488,0.487,0.421,0.714,0.435,0.301,2.370
18.210,16.120,0.497,0.489,0.446,0.712,0.449,0.316,2.270
18.050,16.030,0.490,0.487,0.443,0.633,0.448,0.317,2.250
19.040,16.880,0.529,0.527,0.470,0.671,0.480,0.341,2.290
19.870,18.620,0.569,0.555,0.493,0.676,0.507,0.358,2.210
20.210,19.250,0.585,0.572,0.505,0.689,0.516,0.374,2.140
19.890,19.280,0.580,0.564,0.495,0.696,0.507,0.374,2.290
20.620,19.760,0.608,0.592,0.512,0.712,0.527,0.390,2.580
20.540,19.440,0.639,0.603,0.520,0.770,0.538,0.391,2.630
21.440,20.210,0.643,0.619,0.545,0.718,0.561,0.423,2.750
21.620,20.800,0.636,0.605,0.559,0.699,0.575,0.412,2.800
21.210,20.250,0.631,0.594,0.559,0.680,0.573,0.398,2.980
21.880,20.900,0.655,0.614,0.569,0.675,0.584,0.409,2.690
23.000,21.940,0.671,0.644,0.600,0.676,0.612,0.416,2.700
24.280,23.080,0.690,0.648,0.609,0.678,0.619,0.439,2.580
24.530,23.020,0.699,0.642,0.605,0.676,0.617,0.441,2.420
24.580,23.250,0.716,0.659,0.618,0.700,0.628,0.446,2.460
22.720,22.420,0.640,0.595,0.575,0.680,0.581,0.452,2.450
22.540,21.780,0.615,0.582,0.577,0.699,0.589,0.456,2.670
22.650,21.790,0.617,0.587,0.586,0.708,0.602,0.461,2.920
22.500,21.820,0.617,0.590,0.591,0.745,0.603,0.448,2.940
22.720,22.220,0.636,0.599,0.600,0.853,0.611,0.422,2.750
24.220,24.770,0.688,0.655,0.632,0.812,0.648,0.430,2.390
26.050,25.190,0.715,0.676,0.674,0.782,0.686,0.447,2.240
27.350,25.820,0.752,0.711,0.690,0.777,0.711,0.452,2.000
25.460,25.350,0.700,0.664,0.656,0.752,0.682,0.417,2.200
26.190,25.740,0.716,0.665,0.649,0.713,0.682,0.414,2.210
26.200,25.440,0.706,0.644,0.666,0.741,0.695,0.422,2.490
26.070,25.410,0.710,0.652,0.686,0.799,0.723,0.440,2.530
26.340,25.280,0.685,0.648,0.702,0.825,0.725,0.451,2.330
24.950,23.640,0.651,0.649,0.673,0.807,0.731,0.444,2.180
26.270,24.340,0.679,0.681,0.700,0.823,0.740,0.481,2.250
29.370,26.380,0.751,0.733,1.005,0.899,0.868,0.577,2.460
28.340,26.990,0.730,0.710,1.270,0.880,0.794,0.687,2.710
28.080,27.330,0.761,0.759,1.250,0.858,0.806,0.618,2.810
28.830,27.630,0.782,0.783,0.934,0.878,0.759,0.640,2.670
29.870,27.810,0.823,0.844,0.773,0.885,0.768,0.606,2.640
30.100,27.760,0.839,0.845,0.787,0.901,0.773,0.530,2.520
31.070,29.490,0.961,0.928,0.844,0.950,0.827,0.554,2.700
32.140,30.300,0.945,0.921,0.828,0.984,0.836,0.560,2.740
31.290,28.390,0.891,0.861,0.754,0.991,0.755,0.509,2.810
27.990,25.470,0.828,0.788,0.711,0.940,0.696,0.474,2.770
26.920,24.330,0.839,0.804,0.749,0.902,0.754,0.480,2.880
25.600,23.280,0.740,0.725,0.709,0.809,0.700,0.470,2.920
24.870,21.660,0.684,0.706,0.708,0.799,0.692,0.461,3.030
26.660,22.990,0.752,0.757,0.787,0.824,0.761,0.478,3.110
25.950,23.280,0.743,0.745,0.798,0.830,0.732,0.469,3.110
26.750,24.960,0.826,0.860,0.721,0.808,0.711,0.467,3.150
28.700,26.900,0.864,0.904,0.747,0.812,0.751,0.490,3.260
29.880,28.670,0.915,0.894,0.801,0.802,0.800,0.526,3.560
29.460,29.050,0.910,0.894,0.773,0.792,0.783,0.544,4.040
29.980,29.640,0.976,0.934,0.763,0.803,0.765,0.567,4.360
29.790,28.670,0.946,0.920,0.755,0.801,0.755,0.557,4.190
32.450,29.810,0.983,0.985,0.776,0.814,0.781,0.559,4.300
33.550,29.780,0.955,0.988,0.780,0.845,0.786,0.543,4.280
32.120,31.030,0.966,0.968,0.822,0.910,0.826,0.559,4.390
30.400,30.900,0.829,0.880,0.795,0.927,0.794,0.558,4.150
30.440,30.530,0.911,0.869,0.793,0.884,0.803,0.552,4.180
30.650,27.950,0.880,0.852,0.785,0.891,0.810,0.551,3.980
28.020,26.020,0.803,0.748,0.757,0.881,0.782,0.544,3.720
28.500,26.480,0.854,0.781,0.807,0.926,0.808,0.547,4.010
30.140,28.340,0.823,0.823,0.838,0.963,0.846,0.547,4.440
31.820,30.070,0.874,0.865,0.881,1.017,0.886,0.582,4.330
32.460,31.770,0.886,0.876,0.943,1.145,0.952,0.608,4.630
33.080,34.320,0.940,0.901,0.989,1.253,1.003,0.638,4.660
34.420,36.430,1.013,0.974,0.997,1.260,1.031,0.655,4.820
34.700,33.260,0.969,0.922,1.024,1.193,1.066,0.646,5.050
35.490,33.090,0.972,0.912,1.002,1.195,1.027,0.649,5.170
31.130,29.410,0.897,0.859,0.931,1.152,0.949,0.623,5.210
31.270,29.830,0.859,0.814,0.945,1.135,0.964,0.620,5.200
33.900,31.830,0.946,0.897,1.017,1.172,1.030,0.639,5.260
33.480,30.970,0.970,0.894,0.964,1.159,0.968,0.621,5.170
33.920,31.350,1.017,0.909,0.991,1.196,0.981,0.606,4.680
32.780,30.900,0.950,0.884,0.945,1.199,0.945,0.587,4.490
33.460,31.590,0.944,0.858,0.978,1.194,0.996,0.581,4.960
35.000,33.320,0.950,0.860,1.072,1.225,1.070,0.624,5.780
35.910,33.460,0.979,0.892,1.102,1.205,1.093,0.631,6.290
34.100,32.530,0.887,0.810,1.038,1.191,1.007,0.622,6.180
29.690,28.280,0.751,0.709,1.009,1.124,0.972,0.680,8.160
29.050,25.940,0.725,0.707,0.938,1.062,0.886,0.727,8.370
27.380,23.480,0.717,0.715,0.885,1.010,0.773,0.840,9.860
26.520,22.480,0.734,0.744,0.928,1.001,0.784,0.909,9.880
27.800,24.050,0.784,0.841,0.874,0.964,0.843,0.801,9.790
28.810,25.020,0.846,0.910,0.845,0.850,0.836,0.871,9.570
30.630,25.370,0.844,0.866,0.847,0.875,0.892,0.771,7.680
31.350,27.150,0.841,0.857,0.851,0.913,0.905,0.731,7.070
29.590,27.190,0.831,0.851,0.807,0.901,0.867,0.637,6.230
30.920,29.620,0.869,0.900,0.838,0.918,0.872,0.614,5.980
29.670,27.630,0.829,0.830,0.777,0.910,0.792,0.599,5.630
28.650,26.290,0.787,0.749,0.745,0.869,0.772,0.567,5.130
27.910,25.260,0.781,0.715,0.739,0.889,0.782,0.566,5.140
28.450,25.930,0.789,0.750,0.741,0.881,0.784,0.561,5.240
27.020,24.330,0.762,0.747,0.721,0.855,0.738,0.548,5.120
26.420,23.480,0.784,0.771,0.730,0.850,0.727,0.546,5.200
26.860,24.040,0.808,0.834,0.772,0.883,0.735,0.576,5.390
26.760,24.000,0.881,0.914,0.757,0.869,0.724,0.538,5.270
28.270,26.000,0.958,1.018,0.833,0.884,0.786,0.556,5.440
27.890,26.270,0.975,0.992,0.798,0.863,0.796,0.556,5.210
26.990,26.050,0.967,1.056,0.757,0.897,0.772,0.541,4.990
28.360,27.280,0.993,1.017,0.755,0.880,0.818,0.527,4.560
28.120,27.770,0.969,0.950,0.756,0.868,0.834,0.512,4.220
29.080,28.340,0.873,0.889,0.774,0.872,0.804,0.513,4.310
28.920,29.310,0.939,0.913,0.797,0.918,0.834,0.512,4.050
28.440,28.860,0.833,0.848,0.770,0.918,0.790,0.497,3.740
27.980,28.870,0.764,0.778,0.760,0.877,0.770,0.472,3.790
28.900,28.870,0.737,0.773,0.801,0.917,0.813,0.444,3.970
27.090,26.820,0.701,0.701,0.748,0.958,0.758,0.413,3.810
26.370,26.630,0.657,0.643,0.714,0.875,0.726,0.383,3.300
26.870,25.900,0.667,0.627,0.720,0.864,0.735,0.361,3.000
27.070,24.470,0.686,0.658,0.706,0.805,0.714,0.384,3.190
25.260,23.470,0.667,0.694,0.673,0.762,0.681,0.384,3.070
26.500,24.690,0.699,0.697,0.698,0.753,0.714,0.414,3.080
27.100,24.830,0.721,0.709,0.704,0.752,0.737,0.422,3.210
27.870,25.600,0.762,0.756,0.729,0.771,0.757,0.419,3.090
27.520,25.410,0.779,0.765,0.731,0.847,0.763,0.415,3.180
27.250,25.480,0.772,0.786,0.727,0.895,0.760,0.411,3.040
26.840,26.570,0.819,0.852,0.761,0.967,0.789,0.412,2.450
27.380,26.640,0.802,0.844,0.773,1.023,0.802,0.413,2.340
28.220,28.470,0.839,0.833,0.802,0.977,0.817,0.453,2.400
27.090,26.410,0.777,0.722,0.725,0.871,0.704,0.431,2.150
22.350,20.950,0.633,0.599,0.634,0.728,0.641,0.387,1.900
22.600,21.110,0.645,0.602,0.637,0.735,0.636,0.388,1.960
22.660,20.910,0.616,0.575,0.646,0.743,0.644,0.401,2.210
21.920,19.880,0.577,0.544,0.617,0.716,0.605,0.400,2.420
21.780,20.460,0.581,0.546,0.624,0.722,0.609,0.394,2.860
21.170,19.720,0.541,0.521,0.597,0.699,0.595,0.384,3.060
20.700,19.310,0.542,0.536,0.579,0.676,0.577,0.359,2.720
19.610,18.420,0.513,0.494,0.547,0.637,0.544,0.336,2.160
18.280,18.570,0.495,0.476,0.524,0.587,0.515,0.309,2.180
19.130,18.800,0.509,0.486,0.524,0.560,0.512,0.293,2.000
19.470,18.990,0.508,0.488,0.503,0.517,0.502,0.282,1.980
18.450,18.020,0.489,0.467,0.492,0.517,0.475,0.282,2.450
19.200,18.740,0.523,0.522,0.542,0.605,0.532,0.314,2.400
20.940,19.100,0.565,0.576,0.574,0.638,0.567,0.332,2.400
20.800,20.290,0.572,0.576,0.566,0.621,0.554,0.316,2.530
20.540,20.420,0.565,0.554,0.552,0.558,0.541,0.295,2.380
18.610,18.520,0.515,0.508,0.518,0.523,0.510,0.280,2.340
19.210,18.770,0.535,0.531,0.528,0.583,0.531,0.287,2.180
19.710,19.300,0.541,0.531,0.518,0.581,0.536,0.289,2.180
19.970,19.910,0.545,0.527,0.529,0.593,0.538,0.301,2.220
21.180,20.990,0.570,0.543,0.550,0.616,0.559,0.317,2.280
20.700,20.020,0.545,0.532,0.540,0.626,0.548,0.316,2.380
21.430,20.600,0.557,0.564,0.557,0.648,0.565,0.329,2.470
23.310,22.270,0.642,0.663,0.604,0.701,0.601,0.359,2.670
24.400,23.420,0.718,0.716,0.639,0.749,0.632,0.381,2.920
25.250,24.430,0.733,0.747,0.659,0.769,0.648,0.392,3.310
25.860,25.030,0.724,0.760,0.656,0.756,0.654,0.400,3.400
26.990,26.420,0.766,0.802,0.692,0.762,0.694,0.437,3.540
25.240,24.890,0.735,0.770,0.657,0.727,0.655,0.406,3.210
25.540,24.890,0.742,0.784,0.647,0.701,0.646,0.402,3.400
26.460,26.240,0.731,0.750,0.665,0.720,0.670,0.412,3.500
26.880,26.410,0.730,0.755,0.675,0.712,0.676,0.415,3.650
27.270,26.150,0.692,0.724,0.665,0.687,0.661,0.414,3.650
28.430,26.350,0.712,0.751,0.689,0.694,0.688,0.416,3.570
27.180,24.610,0.712,0.759,0.665,0.731,0.672,0.406,3.350
25.220,24.000,0.683,0.720,0.639,0.709,0.639,0.376,3.240
25.010,22.990,0.706,0.716,0.629,0.727,0.628,0.375,3.240
24.940,23.200,0.705,0.720,0.635,0.728,0.643,0.367,3.110
25.610,24.550,0.722,0.748,0.654,0.735,0.661,0.377,3.260
26.520,25.160,0.734,0.762,0.667,0.729,0.678,0.379,3.430
26.810,25.630,0.742,0.745,0.680,0.725,0.692,0.372,3.180
26.700,25.550,0.739,0.754,0.678,0.709,0.686,0.366,2.960
27.620,26.280,0.788,0.785,0.696,0.728,0.707,0.371,2.900
26.640,25.450,0.767,0.740,0.664,0.735,0.678,0.373,2.970
26.870,25.680,0.783,0.745,0.668,0.756,0.687,0.382,3.010
26.770,25.520,0.757,0.743,0.653,0.757,0.677,0.387,2.780
28.520,26.440,0.767,0.744,0.698,0.795,0.719,0.409,2.990
30.090,27.580,0.773,0.764,0.731,0.829,0.750,0.427,3.280
28.840,27.530,0.780,0.754,0.740,0.887,0.762,0.449,3.330
28.650,27.450,0.741,0.735,0.746,0.942,0.761,0.454,3.210
29.590,28.510,0.772,0.773,0.773,0.924,0.795,0.472,3.300
29.390,28.320,0.786,0.771,0.773,0.862,0.807,0.474,3.710
30.630,29.170,0.801,0.808,0.793,0.857,0.823,0.480,3.800
30.250,28.890,0.815,0.848,0.795,0.861,0.831,0.480,4.170
29.370,28.170,0.822,0.830,0.777,0.834,0.814,0.472,3.850
29.650,28.450,0.853,0.890,0.794,0.840,0.817,0.484,4.140
27.880,26.620,0.821,0.776,0.746,0.850,0.757,0.480,4.220
27.030,25.550,0.819,0.778,0.727,0.815,0.728,0.480,4.230
25.970,24.300,0.831,0.733,0.708,0.818,0.705,0.469,3.880
25.680,23.400,0.748,0.678,0.686,0.792,0.675,0.461,3.860
26.980,24.160,0.733,0.664,0.741,0.802,0.726,0.478,4.250
26.830,25.190,0.712,0.652,0.755,0.785,0.726,0.480,4.250
27.140,25.910,0.726,0.683,0.760,0.790,0.736,0.491,4.310
27.820,26.840,0.768,0.733,0.776,0.788,0.756,0.505,4.640
30.350,29.560,0.835,0.806,0.847,0.869,0.833,0.539,5.120
32.380,31.010,0.902,0.893,0.898,0.923,0.911,0.554,4.960
31.960,30.970,0.869,0.859,0.884,0.901,0.893,0.555,4.850
31.540,30.370,0.839,0.826,0.862,0.848,0.849,0.552,5.030
33.040,31.480,0.867,0.868,0.891,0.873,0.875,0.586,5.370
34.460,31.810,0.874,0.882,0.916,0.915,0.890,0.602,5.910
33.190,31.200,0.935,0.943,0.955,0.957,0.926,0.698,5.680
33.950,31.580,1.000,1.017,1.061,1.016,1.039,0.695,6.110
35.790,32.790,1.008,1.017,1.118,1.099,1.039,0.667,6.080
36.780,33.000,0.967,0.961,1.148,1.078,1.051,0.681,6.330
36.980,33.720,1.003,1.021,1.191,1.102,1.091,1.037,12.030
36.980,34.110,1.037,1.050,1.195,1.160,1.080,0.733,7.800
36.660,33.720,1.026,1.030,1.124,1.157,0.995,0.641,5.940
30.460,28.180,0.885,0.897,0.883,0.984,0.792,0.585,5.180
30.430,26.950,0.881,0.886,0.790,0.887,0.730,0.553,4.990
29.330,26.930,0.844,0.846,0.759,0.852,0.736,0.494,4.910
28.030,24.960,0.799,0.811,0.762,0.819,0.751,0.485,5.150
29.280,24.920,0.818,0.833,0.836,0.844,0.775,0.513,5.500
28.430,24.660,0.802,0.813,0.835,0.796,0.757,0.526,5.510
25.690,23.550,0.717,0.739,0.778,0.756,0.683,0.500,5.250
26.580,24.310,0.718,0.750,0.724,0.754,0.689,0.520,5.570
28.540,26.210,0.775,0.806,0.748,0.795,0.732,0.560,6.050
29.290,27.190,0.789,0.805,0.746,0.791,0.728,0.557,6.020
29.100,26.560,0.788,0.798,0.744,0.781,0.721,0.553,5.830
30.680,27.920,0.826,0.838,0.766,0.789,0.747,0.578,6.260
31.460,28.380,0.843,0.865,0.769,0.921,0.757,0.574,5.940
30.600,26.880,0.782,0.799,0.742,0.829,0.735,0.544,5.570
30.010,27.190,0.779,0.798,0.756,0.817,0.746,0.543,5.610
30.310,28.400,0.831,0.856,0.782,0.860,0.771,0.537,5.140
30.730,28.420,0.899,0.916,0.791,0.857,0.783,0.541,5.360
31.480,28.740,0.876,0.886,0.798,0.928,0.792,0.531,5.060
30.610,28.020,0.868,0.879,0.772,0.953,0.766,0.527,4.910
30.730,28.520,0.883,0.885,0.796,0.955,0.796,0.517,4.680
32.110,30.190,0.953,0.956,0.835,0.970,0.837,0.543,4.830
31.310,29.600,0.995,0.989,0.812,1.000,0.818,0.551,5.050
31.190,29.700,1.062,1.052,0.802,0.986,0.814,0.551,5.070
31.560,30.120,1.035,0.941,0.811,0.950,0.817,0.549,5.050
29.200,28.160,0.912,0.837,0.754,0.865,0.759,0.531,4.690
28.920,27.570,0.927,0.898,0.748,0.833,0.749,0.531,4.760
27.390,25.900,0.877,0.784,0.713,0.828,0.717,0.514,4.560
27.730,26.490,0.916,0.743,0.723,0.823,0.723,0.503,4.490
29.430,28.380,0.861,0.804,0.787,0.846,0.786,0.526,4.490
30.690,29.880,0.895,0.857,0.829,0.885,0.832,0.562,4.720
31.490,31.000,0.906,0.851,0.854,0.924,0.854,0.572,4.840
30.170,29.660,0.863,0.835,0.819,0.911,0.815,0.552,4.700
29.280,28.460,0.843,0.841,0.791,0.890,0.790,0.539,4.380
29.790,28.050,0.824,0.786,0.799,0.898,0.796,0.540,4.360
31.560,29.010,0.889,0.835,0.845,0.944,0.841,0.548,4.590
32.580,29.610,0.934,0.855,0.867,0.966,0.861,0.553,4.360
30.110,28.340,0.879,0.793,0.821,0.957,0.819,0.545,4.640
30.630,28.930,0.854,0.808,0.853,1.012,0.862,0.573,5.580
32.160,30.170,0.861,0.830,0.888,0.972,0.864,0.632,6.510
33.200,30.870,0.904,0.867,0.927,0.972,0.890,0.659,6.730
32.240,28.840,0.891,0.874,0.890,0.928,0.883,0.636,5.800
32.680,29.780,0.939,0.923,0.899,0.967,0.894,0.651,5.730
33.890,31.500,0.984,0.984,0.973,0.989,0.984,0.739,6.650
34.510,31.700,0.989,0.971,0.981,0.948,0.993,0.752,5.950
35.450,31.880,1.036,1.018,1.026,1.003,1.049,0.777,6.070
33.610,30.390,0.992,0.969,0.965,1.032,0.977,0.719,5.880
33.410,29.660,1.010,1.017,0.903,1.121,0.915,0.638,5.570
33.880,30.120,1.022,1.012,0.909,1.182,0.915,0.655,5.450
35.540,31.390,1.090,1.033,0.920,1.100,0.956,0.689,5.310
36.080,32.270,1.076,1.048,0.921,1.209,0.953,0.833,5.140
36.670,33.730,1.091,1.073,0.931,1.146,0.973,0.595,5.270
36.440,33.360,1.045,1.043,0.883,1.029,0.906,0.572,5.390
37.780,34.560,1.112,1.095,0.929,1.073,0.964,0.594,5.580
36.650,33.590,1.105,1.121,0.905,1.160,0.952,0.580,5.310
35.230,32.230,1.081,1.111,0.877,1.269,0.912,0.576,5.560
35.700,32.750,1.054,1.101,0.887,1.405,0.922,0.588,5.780
37.390,33.950,1.126,1.171,0.947,1.504,1.001,0.609,5.760
37.320,33.700,1.120,1.139,0.931,1.424,0.985,0.609,5.530
37.310,34.640,1.200,1.205,0.943,1.506,1.009,0.632,5.760
39.240,36.380,1.312,1.300,1.002,1.612,1.079,0.657,6.100
40.370,37.620,1.357,1.339,1.029,1.505,1.151,0.679,6.330
40.840,38.430,1.376,1.393,1.028,1.320,1.102,0.686,6.330
40.650,37.950,1.331,1.308,1.015,1.212,1.035,0.686,6.570
40.010,37.250,1.219,1.243,1.010,1.148,1.030,0.681,6.390
37.990,35.340,1.144,1.187,0.978,1.126,1.012,0.660,6.080
37.860,35.090,1.137,1.137,0.998,1.144,1.027,0.670,6.390
37.700,34.710,1.156,1.168,1.000,1.237,1.047,0.673,6.340
37.140,34.000,1.133,1.150,1.012,1.322,1.076,0.677,6.000
39.730,36.510,1.262,1.275,1.078,1.343,1.132,0.716,6.130
40.330,37.760,1.262,1.272,1.070,1.294,1.114,0.724,5.880
41.270,39.050,1.197,1.210,1.094,1.306,1.148,0.754,5.860
42.500,40.660,1.201,1.197,1.127,1.346,1.191,0.786,5.910
43.810,42.010,1.188,1.159,1.154,1.302,1.210,0.827,5.660
45.240,43.160,1.222,1.196,1.168,1.359,1.218,0.865,5.550
47.280,44.560,1.257,1.235,1.208,1.421,1.266,0.875,5.340
44.340,42.230,1.188,1.151,1.156,1.392,1.226,0.809,5.230
43.280,41.000,1.164,1.127,1.148,1.320,1.234,0.783,4.840
43.330,40.600,1.190,1.164,1.168,1.363,1.260,0.777,4.560
44.390,41.550,1.242,1.237,1.223,1.452,1.339,0.782,5.040
47.820,45.300,1.316,1.298,1.320,1.524,1.419,0.813,5.440
49.710,47.110,1.344,1.315,1.383,1.562,1.502,0.842,5.730
51.770,48.090,1.374,1.349,1.413,1.572,1.488,0.864,5.920
54.120,50.960,1.406,1.370,1.497,1.653,1.552,0.908,5.610
54.430,50.500,1.385,1.362,1.546,1.681,1.563,0.932,6.700
53.430,50.150,1.348,1.313,1.499,1.605,1.481,0.935,7.380
49.810,45.780,1.281,1.249,1.377,1.491,1.344,0.891,6.920
48.000,42.830,1.255,1.224,1.354,1.447,1.331,0.857,6.120
47.020,40.630,1.251,1.220,1.385,1.476,1.347,0.834,5.810
48.790,42.780,1.288,1.259,1.430,1.497,1.379,0.866,5.160
46.060,41.310,1.186,1.152,1.313,1.326,1.254,0.826,6.610
41.910,37.600,1.029,0.984,1.221,1.192,1.146,0.761,6.080
43.500,39.980,1.079,1.032,1.328,1.301,1.298,0.784,7.030
44.390,41.150,1.095,1.074,1.347,1.344,1.288,0.793,7.000
42.520,39.790,1.034,1.017,1.221,1.208,1.187,0.742,6.260
44.070,42.070,1.164,1.168,1.217,1.163,1.228,0.713,5.740
46.790,44.590,1.224,1.229,1.304,1.256,1.334,0.740,6.110
47.850,45.080,1.247,1.261,1.352,1.356,1.375,0.750,6.400
48.560,45.820,1.317,1.309,1.396,1.421,1.405,0.749,6.400
46.970,44.040,1.255,1.263,1.303,1.404,1.287,0.732,6.250
46.080,43.290,1.193,1.207,1.274,1.429,1.263,0.740,6.080
47.820,45.220,1.218,1.222,1.321,1.515,1.329,0.762,6.000
51.750,48.230,1.245,1.259,1.465,1.642,1.456,0.790,6.130
52.740,51.330,1.328,1.331,1.513,1.659,1.491,0.810,6.620
54.220,53.090,1.419,1.432,1.533,1.651,1.524,0.849,6.820
55.930,54.850,1.445,1.481,1.580,1.725,1.589,0.921,7.090
52.950,53.760,1.496,1.534,1.558,1.760,1.605,0.922,7.150
54.970,52.230,1.512,1.595,1.613,1.815,1.629,0.891,7.220
55.240,53.790,1.524,1.580,1.590,1.852,1.632,0.881,7.490
51.440,50.430,1.408,1.468,1.475,1.748,1.535,0.832,7.110
52.390,51.230,1.500,1.558,1.510,1.759,1.560,0.852,7.000
52.000,51.640,1.464,1.526,1.480,1.773,1.531,0.838,6.950
50.640,50.050,1.385,1.432,1.451,1.702,1.515,0.810,6.580
50.330,48.700,1.376,1.436,1.406,1.587,1.480,0.804,6.590
47.770,46.980,1.348,1.376,1.370,1.532,1.420,0.786,6.420
50.150,48.590,1.367,1.391,1.415,1.569,1.461,0.789,6.330
53.760,50.460,1.458,1.472,1.528,1.669,1.602,0.805,6.490
53.740,51.900,1.463,1.489,1.591,1.698,1.642,0.799,7.110
56.180,54.170,1.509,1.528,1.634,1.711,1.674,0.805,7.360
59.040,56.950,1.564,1.574,1.640,1.752,1.672,0.841,7.520
58.210,56.690,1.532,1.519,1.636,1.763,1.651,0.831,7.090
60.360,57.980,1.653,1.674,1.730,1.830,1.742,0.864,7.640
59.180,57.430,1.578,1.608,1.665,1.779,1.668,0.840,7.790
57.300,56.390,1.551,1.569,1.564,1.751,1.607,0.830,7.650
59.390,58.500,1.600,1.588,1.608,1.880,1.649,0.855,7.560
61.640,60.420,1.710,1.718,1.667,2.104,1.698,0.882,8.460
64.850,64.460,1.851,1.877,1.818,2.168,1.860,0.916,9.070
64.920,64.230,1.891,1.920,1.799,2.077,1.859,0.940,9.530
66.340,65.680,1.859,1.834,1.814,2.056,1.894,0.964,9.810
68.470,66.090,2.701,2.609,2.042,2.289,2.237,1.072,11.600
64.810,63.240,2.157,2.196,1.922,2.101,2.042,1.088,11.140
63.840,61.220,1.943,1.848,1.816,2.112,1.920,1.084,10.940
66.430,63.630,2.024,2.247,1.983,2.244,2.189,1.171,13.460
66.060,62.160,2.165,2.770,2.066,2.408,2.707,1.176,13.460
63.060,58.930,1.943,2.181,1.968,2.350,2.943,1.151,13.670
62.870,58.590,1.756,1.860,1.947,2.319,2.609,1.151,13.400
62.280,58.150,1.634,1.671,1.871,2.131,2.217,1.136,13.360
61.330,58.500,1.540,1.553,1.805,1.974,1.924,1.122,13.710
60.340,58.740,1.524,1.502,1.743,1.848,1.818,1.059,10.860
58.800,56.790,1.486,1.480,1.721,1.802,1.738,0.998,9.220
57.000,53.770,1.439,1.416,1.667,1.732,1.659,0.972,10.260
58.130,53.570,1.465,1.407,1.690,1.698,1.675,0.998,10.880
57.780,53.590,1.484,1.442,1.638,1.645,1.618,0.980,11.890
59.830,56.070,1.577,1.575,1.701,1.686,1.735,1.044,14.210
60.320,58.750,1.634,1.595,1.735,1.776,1.767,1.112,14.490
57.970,56.360,1.563,1.499,1.712,1.794,1.694,1.062,13.060
59.820,57.380,1.649,1.616,1.683,1.785,1.740,1.027,9.930
63.390,61.720,1.802,1.749,1.772,1.894,1.830,1.013,9.420
63.740,62.180,1.730,1.682,1.698,1.879,1.732,0.977,8.630
66.790,63.540,1.756,1.718,1.761,1.974,1.842,1.022,8.670
66.820,63.770,1.674,1.624,1.765,2.014,1.844,0.968,8.220
66.590,64.000,1.645,1.651,1.751,1.974,1.833,0.953,8.360
63.060,61.230,1.483,1.524,1.608,1.900,1.735,0.931,7.800
59.370,58.040,1.423,1.475,1.580,1.844,1.717,0.888,7.250
59.930,59.390,1.517,1.546,1.654,1.928,1.767,0.924,7.390
62.270,61.060,1.613,1.680,1.751,1.979,1.851,0.901,6.710
60.890,59.500,1.633,1.711,1.709,1.948,1.810,0.878,6.440
62.640,62.420,1.804,1.906,1.784,1.957,1.885,0.928,7.060
61.360,61.610,1.783,1.815,1.770,1.971,1.854,0.936,7.100
65.670,64.760,1.908,1.959,1.839,2.073,1.937,0.978,7.110
66.560,66.930,2.002,2.082,1.874,2.158,1.970,0.963,6.980
68.850,68.910,2.126,2.170,1.965,2.213,2.049,1.020,6.810
71.870,72.540,2.301,2.256,2.054,2.352,2.152,1.037,7.630
70.380,72.840,2.109,2.136,2.017,2.375,2.121,1.045,7.170
72.140,72.920,2.110,2.073,2.003,2.481,2.093,1.049,6.610
71.500,70.440,2.091,2.109,2.018,2.411,2.116,1.042,6.550
69.070,67.840,1.962,1.976,1.916,2.304,2.022,1.021,5.920
70.350,68.470,1.997,1.998,1.946,2.367,2.045,1.045,5.960
71.530,68.750,2.087,2.112,1.975,2.364,2.090,1.057,6.160
71.540,67.890,2.098,2.140,1.978,2.343,2.157,1.071,6.060
69.480,66.170,1.984,2.046,1.895,2.244,2.092,1.093,6.300
69.940,68.330,2.003,2.070,1.861,2.195,2.019,1.096,6.500
72.650,71.820,2.154,2.220,1.949,2.257,2.046,1.141,5.970
74.650,73.450,2.216,2.234,1.947,2.228,2.124,1.161,5.390
75.210,73.990,2.205,2.239,1.949,2.195,2.144,1.168,5.740
73.980,73.520,2.232,2.301,1.903,2.199,2.175,1.171,6.040
73.870,73.530,2.277,2.295,1.914,2.221,2.159,1.164,6.820
75.200,76.320,2.359,2.303,2.047,2.267,2.226,1.157,8.080
75.630,76.980,2.156,2.095,2.026,2.355,2.156,1.158,7.430
71.790,72.350,1.990,1.967,1.949,2.302,2.085,1.128,6.840
72.120,71.920,1.888,1.873,1.988,2.293,2.144,1.134,7.090
70.010,68.350,1.798,1.768,1.928,2.268,2.038,1.110,6.040
67.530,65.760,1.649,1.626,1.820,2.228,1.951,1.092,5.530
63.980,61.380,1.606,1.568,1.683,2.024,1.739,1.031,5.150
61.400,60.230,1.527,1.489,1.620,1.838,1.718,0.970,4.800
61.940,58.760,1.524,1.534,1.645,1.829,1.821,0.949,4.170
59.770,57.150,1.515,1.520,1.618,1.851,1.739,0.945,4.320
58.580,58.330,1.486,1.502,1.642,1.837,1.766,0.950,5.070
58.480,58.510,1.490,1.507,1.687,1.746,1.753,0.940,6.220
58.880,57.730,1.546,1.531,1.660,1.806,1.730,0.927,7.390
58.550,56.480,1.481,1.488,1.599,1.806,1.657,0.909,7.110
59.960,58.020,1.566,1.575,1.661,1.876,1.718,0.947,7.040
57.560,57.850,1.568,1.536,1.616,1.857,1.705,0.954,7.390
57.240,59.200,1.622,1.564,1.644,1.901,1.754,0.959,7.590
62.020,62.590,1.697,1.633,1.735,2.032,1.848,1.002,7.930
62.320,63.630,1.637,1.587,1.740,2.200,1.878,1.004,7.510
61.910,62.560,1.660,1.601,1.694,2.062,1.830,0.968,7.010
62.400,62.440,1.747,1.627,1.665,1.862,1.768,0.946,6.260
60.660,59.690,1.616,1.548,1.593,1.921,1.725,0.927,5.600
57.760,55.630,1.550,1.482,1.551,1.962,1.669,0.862,5.500
54.110,51.790,1.418,1.387,1.481,1.798,1.599,0.873,6.130
51.510,51.400,1.343,1.327,1.464,1.699,1.643,0.871,6.520
53.570,54.870,1.407,1.410,1.548,1.825,1.673,0.911,7.290
57.110,55.920,1.476,1.475,1.643,1.957,1.721,0.959,7.710
58.990,57.900,1.545,1.529,1.697,2.075,1.747,0.992,8.310
58.410,55.540,1.605,1.570,1.653,1.977,1.697,0.968,8.430
59.570,58.160,1.729,1.698,1.698,1.949,1.735,0.957,7.460
61.640,60.620,1.867,1.808,1.765,2.014,1.827,0.989,7.340
60.850,60.350,1.897,1.805,1.743,2.007,1.813,1.016,7.320
57.940,60.870,1.908,1.806,1.695,1.996,1.796,1.040,6.860
58.260,61.090,1.930,1.852,1.695,1.999,1.810,1.031,6.910
64.180,66.100,2.021,1.941,1.822,2.158,1.963,1.083,7.320
64.820,68.550,2.040,2.036,1.854,2.193,2.013,1.069,7.550
62.580,68.200,2.118,2.185,1.873,2.204,2.056,1.085,7.830
63.060,66.210,2.032,2.073,1.827,2.136,2.017,1.111,7.510
65.260,67.390,2.181,2.302,1.892,2.180,2.052,1.150,7.480
63.820,66.040,2.206,2.245,1.866,2.128,2.024,1.145,7.680
61.900,63.910,2.220,2.277,1.844,2.105,2.013,1.132,7.560
63.610,67.550,2.317,2.443,1.896,2.127,2.055,1.160,7.740
64.890,70.650,2.292,2.308,1.933,2.170,2.092,1.165,7.560
63.940,68.450,2.183,2.224,1.893,2.160,2.045,1.141,7.650
65.900,71.230,2.152,2.157,1.958,2.215,2.085,1.124,7.760
66.620,69.890,2.142,2.122,1.967,2.269,2.086,1.134,7.510
68.780,71.780,2.223,2.178,2.030,2.287,2.143,1.153,7.360
69.130,71.760,2.221,2.145,2.022,2.245,2.087,1.147,6.710
71.780,74.790,2.238,2.209,2.074,2.303,2.138,1.163,6.270
72.790,77.760,2.257,2.270,2.096,2.370,2.154,1.181,6.400
74.920,78.240,2.086,2.085,2.071,2.351,2.122,1.201,6.370
75.150,76.660,2.019,2.006,2.046,2.273,2.119,1.198,5.760
76.750,76.340,2.026,2.001,2.055,2.254,2.151,1.216,6.300
71.920,70.700,1.924,1.906,1.952,2.134,2.045,1.164,6.350
72.050,70.090,2.050,1.991,1.983,2.166,2.094,1.178,7.080
70.190,68.440,1.955,1.911,1.952,2.128,2.078,1.173,5.930
72.930,70.550,2.084,2.041,2.016,2.192,2.122,1.212,5.510
75.960,75.060,2.069,2.115,2.103,2.204,2.181,1.255,5.660
78.950,76.890,2.077,2.085,2.184,2.239,2.259,1.277,6.030
82.260,78.170,2.148,2.151,2.223,2.305,2.316,1.315,6.210
81.700,78.150,2.107,2.092,2.192,2.313,2.288,1.326,6.330
80.590,77.980,2.068,2.020,2.171,2.344,2.287,1.338,6.650
81.460,78.850,2.095,2.046,2.192,2.447,2.276,1.389,6.680
87.800,84.290,2.216,2.158,2.311,2.539,2.395,1.462,7.100
89.230,83.720,2.202,2.158,2.349,2.564,2.427,1.471,6.390
93.460,90.420,2.365,2.326,2.487,2.691,2.575,1.555,6.930
95.810,93.540,2.474,2.429,2.583,2.792,2.692,1.588,6.950
93.560,90.740,2.411,2.353,2.541,2.682,2.634,1.539,7.190
97.930,94.010,2.484,2.398,2.660,2.751,2.740,1.560,6.880
92.470,92.160,2.340,2.255,2.601,2.647,2.664,1.532,7.440
88.710,89.090,2.252,2.186,2.509,2.486,2.560,1.499,7.120
91.180,90.240,2.307,2.247,2.562,2.544,2.601,1.515,7.170
91.160,90.820,2.308,2.266,2.587,2.563,2.589,1.523,7.120
95.640,94.390,2.443,2.396,2.636,2.678,2.649,1.577,6.970
98.170,96.500,2.502,2.466,2.697,2.721,2.721,1.604,7.570
94.760,94.400,2.375,2.341,2.581,2.533,2.617,1.517,7.840
91.510,90.030,2.278,2.237,2.529,2.468,2.593,1.480,8.330
89.410,88.460,2.260,2.256,2.474,2.500,2.532,1.465,7.870
91.140,91.770,2.281,2.301,2.516,2.545,2.562,1.481,8.020
89.080,89.880,2.219,2.245,2.470,2.530,2.531,1.368,7.870
94.130,94.980,2.362,2.380,2.619,2.695,2.720,1.373,8.470
99.610,97.130,2.527,2.535,2.742,2.900,2.843,1.456,8.890
100.840,99.100,2.478,2.532,2.803,2.941,2.888,1.507,9.160
103.440,101.900,2.492,2.539,2.935,3.051,3.026,1.465,9.430
109.350,107.690,2.561,2.603,3.101,3.230,3.217,1.479,9.740
105.280,103.050,2.392,2.493,3.100,3.184,3.222,1.468,9.090
104.490,102.050,2.568,2.604,3.132,3.117,3.065,1.486,9.240
103.460,100.880,2.515,2.631,3.016,3.126,3.081,1.479,9.680
109.710,106.600,2.675,2.694,3.223,3.383,3.352,1.538,9.880
114.330,110.420,2.819,2.833,3.306,3.422,3.465,1.609,10.130
118.530,114.340,2.912,2.934,3.317,3.487,3.492,1.685,10.540
115.420,111.980,2.837,2.840,3.213,3.402,3.347,1.617,10.750
123.010,119.840,3.018,3.029,3.454,3.655,3.581,1.699,11.110
124.960,122.580,3.067,3.091,3.636,3.826,3.751,1.711,11.360
130.140,126.470,3.209,3.224,3.837,4.033,3.969,1.731,11.310
128.470,128.760,3.241,3.229,3.736,3.894,3.845,1.703,11.670
128.160,126.330,3.218,3.225,3.701,3.861,3.782,1.710,12.290
134.800,134.120,3.331,3.281,3.877,3.972,3.946,1.806,12.590
134.340,132.080,3.296,3.275,3.777,3.848,3.849,1.844,12.880
137.000,135.540,3.319,3.342,3.831,3.880,3.908,1.874,12.890
142.520,141.070,3.360,3.371,3.992,4.057,4.109,1.919,13.200
139.950,137.430,3.295,3.310,3.918,3.987,4.050,1.937,12.300
135.370,135.050,3.164,3.175,3.824,3.911,3.952,1.917,11.300
125.920,126.700,2.979,2.992,3.592,3.731,3.722,1.794,9.930
124.570,124.430,2.990,2.998,3.472,3.590,3.599,1.742,9.150
118.800,116.560,2.894,2.945,3.215,3.272,3.331,1.698,8.710
114.400,110.160,2.861,2.922,3.079,3.146,3.148,1.584,8.100
115.700,111.660,2.884,2.863,3.147,3.188,3.233,1.616,7.900
116.090,112.400,2.926,2.998,3.187,3.243,3.319,1.681,8.160
108.370,103.690,2.874,2.995,3.020,3.069,3.224,1.606,7.540
102.880,97.280,2.938,3.668,2.911,2.971,3.714,1.574,7.690
97.190,89.350,2.892,3.282,2.783,2.860,3.469,1.457,7.910
111.120,100.910,2.674,2.789,2.998,3.070,3.237,1.541,7.740
96.590,91.900,2.394,2.492,2.742,2.795,2.865,1.404,7.300
86.240,80.980,2.074,1.992,2.404,2.424,2.515,1.149,6.680
75.190,69.280,1.949,1.798,2.200,2.192,2.291,0.917,6.680
68.560,64.400,1.804,1.574,2.086,2.071,2.137,0.962,6.750
65.210,60.610,1.590,1.408,1.986,1.943,2.017,0.944,6.440
64.310,59.430,1.452,1.350,2.004,1.945,2.048,0.810,6.760
58.600,53.270,1.313,1.257,1.880,1.801,1.929,0.718,6.680
52.260,47.790,1.157,1.063,1.738,1.644,1.757,0.704,6.670
53.270,48.530,1.190,1.132,1.726,1.643,1.760,0.716,6.610
45.600,43.700,1.027,0.950,1.525,1.427,1.536,0.615,6.440
44.570,41.010,0.979,0.943,1.430,1.319,1.330,0.585,5.680
39.700,41.710,1.001,0.991,1.415,1.316,1.348,0.636,5.720
32.980,35.380,0.842,0.842,1.280,1.300,1.313,0.599,5.410
42.400,37.040,0.924,0.944,1.334,1.348,1.361,0.630,5.640
44.460,45.250,1.090,1.108,1.542,1.582,1.580,0.734,5.880
36.730,42.380,1.137,1.158,1.482,1.454,1.499,0.750,5.420
42.150,41.670,1.162,1.143,1.404,1.351,1.379,0.711,4.800
42.700,44.200,1.213,1.189,1.423,1.403,1.393,0.723,4.740
40.780,43.640,1.251,1.234,1.355,1.365,1.329,0.697,4.810
36.940,45.590,1.295,1.273,1.328,1.347,1.291,0.669,4.720
37.150,40.910,1.130,1.086,1.182,1.197,1.170,0.627,4.340
41.100,42.680,1.169,1.165,1.233,1.233,1.229,0.637,4.150
43.180,43.860,1.243,1.238,1.180,1.153,1.161,0.611,4.230
45.660,43.980,1.217,1.210,1.177,1.166,1.168,0.618,3.890
49.490,46.430,1.299,1.294,1.281,1.309,1.261,0.670,3.800
52.990,51.460,1.387,1.408,1.447,1.483,1.452,0.719,4.060
50.340,48.490,1.328,1.321,1.367,1.445,1.380,0.643,3.620
50.460,51.480,1.383,1.371,1.393,1.470,1.413,0.648,3.610
49.860,51.590,1.421,1.384,1.389,1.447,1.411,0.643,3.530
47.800,48.970,1.369,1.314,1.323,1.372,1.327,0.630,3.450
50.200,49.920,1.379,1.355,1.312,1.376,1.314,0.632,3.290
55.960,54.830,1.585,1.546,1.427,1.475,1.432,0.671,3.780
57.940,56.390,1.660,1.612,1.447,1.486,1.464,0.690,4.240
60.320,57.890,1.752,1.735,1.494,1.555,1.511,0.716,3.790
64.320,62.200,1.838,1.813,1.570,1.647,1.586,0.748,3.580
68.110,67.170,1.890,1.891,1.732,1.803,1.756,0.835,3.760
70.850,69.880,1.964,1.952,1.783,1.845,1.821,0.872,3.530
70.620,69.680,1.974,1.958,1.781,1.876,1.844,0.865,4.040
68.580,67.580,1.812,1.779,1.703,1.845,1.796,0.820,3.870
69.320,68.030,1.829,1.784,1.698,1.813,1.778,0.811,3.680
61.480,60.390,1.652,1.605,1.503,1.623,1.612,0.685,3.270
61.290,61.110,1.651,1.610,1.536,1.667,1.629,0.730,3.290
65.280,66.560,1.809,1.773,1.713,1.836,1.793,0.780,3.500
67.030,68.600,1.870,1.817,1.744,1.853,1.799,0.796,3.410
71.580,73.990,1.987,1.951,1.889,1.974,1.916,0.868,3.580
69.640,72.900,1.935,1.904,1.875,1.943,1.895,0.894,3.390
70.800,71.520,1.912,1.864,1.861,1.920,1.880,0.915,3.010
72.370,72.330,1.907,1.854,1.852,1.941,1.868,0.943,2.720
68.390,67.600,1.824,1.767,1.721,1.814,1.733,0.928,2.180
70.910,69.170,1.835,1.773,1.734,1.845,1.744,0.965,2.690
71.320,68.850,1.835,1.784,1.766,1.845,1.785,0.970,3.210
68.330,66.960,1.703,1.683,1.706,1.796,1.749,0.930,3.460
68.840,65.900,1.711,1.682,1.742,1.830,1.754,0.935,3.060
70.800,67.870,1.781,1.758,1.793,1.844,1.812,0.930,3.600
75.730,72.290,1.899,1.867,1.934,1.995,1.950,0.976,3.930
80.060,77.240,2.040,1.992,2.042,2.103,2.054,1.077,4.700
78.470,76.070,2.042,1.986,2.008,2.064,2.015,1.076,4.370
79.000,76.600,1.989,1.940,2.007,2.060,2.002,1.066,4.280
78.240,76.250,1.961,1.907,1.981,2.023,1.972,1.062,3.380
78.370,77.040,2.001,1.933,1.991,2.043,1.999,1.070,3.300
76.140,76.520,1.975,1.915,1.937,2.002,1.963,1.101,3.520
76.810,77.780,1.990,1.942,1.994,2.045,2.006,1.155,4.500
71.510,73.140,1.859,1.836,1.904,1.930,1.933,1.139,5.080
71.720,71.800,1.842,1.818,1.906,1.925,1.943,1.142,5.610
74.760,73.350,1.911,1.875,1.958,2.005,1.960,1.223,5.660
79.070,77.190,2.031,1.993,2.106,2.122,2.074,1.314,5.880
82.340,79.820,2.124,2.101,2.184,2.192,2.170,1.408,6.560
80.060,78.310,2.079,2.050,2.092,2.049,2.096,1.246,5.680
76.620,74.280,2.010,1.980,1.975,1.962,1.994,1.273,5.560
73.940,71.880,1.942,1.917,1.919,1.945,1.938,1.315,5.470
74.570,72.540,1.885,1.928,1.965,1.984,1.956,1.359,5.470
73.880,70.850,1.908,1.877,1.920,1.964,1.929,1.291,5.550
78.250,75.800,2.031,2.012,2.017,2.060,2.031,1.235,5.410
79.220,76.230,2.042,2.057,2.020,2.076,2.050,1.242,4.870
80.190,77.860,2.127,2.107,2.060,2.124,2.091,1.185,4.740
81.760,79.360,2.154,2.158,2.090,2.139,2.112,1.144,4.450
81.440,79.050,2.150,2.162,2.088,2.130,2.104,1.121,4.230
80.650,78.380,2.118,2.109,2.066,2.137,2.094,1.114,4.010
83.010,80.590,2.191,2.168,2.150,2.220,2.182,1.111,3.820
85.660,83.880,2.238,2.185,2.221,2.312,2.263,1.154,4.000
84.340,85.230,2.205,2.173,2.201,2.293,2.237,1.136,4.060
82.900,84.610,2.195,2.181,2.174,2.284,2.206,1.123,3.990
84.220,85.980,2.260,2.225,2.219,2.339,2.265,1.137,4.160
80.240,82.500,2.155,2.134,2.182,2.260,2.198,1.119,3.940
74.980,78.320,2.099,2.062,2.114,2.189,2.126,1.124,4.190
69.140,72.170,1.921,1.896,1.932,2.009,1.955,1.046,4.260
70.620,70.790,1.900,1.864,1.934,2.040,1.973,1.038,4.180
72.910,72.710,1.945,1.905,1.983,2.089,2.016,1.090,4.440
73.440,72.760,1.969,1.916,1.983,2.079,2.015,1.059,4.730
76.700,76.220,2.080,2.021,2.083,2.168,2.106,1.033,5.100
77.060,76.640,2.054,2.012,2.081,2.198,2.096,1.002,4.930
74.960,73.860,1.969,1.947,1.976,2.101,1.988,0.986,4.660
74.390,73.950,1.970,1.954,1.955,2.083,1.993,0.976,4.650
76.350,75.700,1.988,1.974,1.990,2.108,2.034,0.989,4.480
77.560,76.640,2.025,2.003,1.999,2.124,2.045,1.011,4.640
78.120,77.240,2.024,1.991,1.992,2.133,2.044,1.071,4.750
81.790,82.690,2.098,2.071,2.130,2.263,2.178,1.108,4.800
78.170,78.210,1.949,1.935,2.018,2.184,2.091,1.074,4.420
74.840,74.940,1.882,1.857,1.960,2.113,2.051,1.046,4.300
72.910,72.820,1.859,1.858,1.969,2.108,2.033,1.060,3.960
74.020,75.410,1.919,1.913,2.012,2.120,2.050,1.081,3.760
74.820,77.170,1.968,1.975,2.052,2.164,2.088,1.099,3.800
75.620,78.440,1.978,1.976,2.094,2.199,2.115,1.135,4.010
73.760,78.380,1.951,1.921,2.099,2.180,2.115,1.148,4.010
78.410,79.820,2.034,1.982,2.178,2.270,2.194,1.191,3.790
82.290,83.870,2.193,2.117,2.265,2.356,2.262,1.261,3.520
82.160,83.110,2.202,2.112,2.251,2.350,2.250,1.238,3.490
81.150,81.430,2.146,2.032,2.221,2.313,2.230,1.204,3.370
82.030,82.250,2.122,2.023,2.225,2.329,2.246,1.229,3.310
84.930,85.600,2.174,2.082,2.316,2.389,2.312,1.276,3.390
86.910,87.430,2.242,2.159,2.391,2.469,2.392,1.276,3.700
82.230,83.940,2.287,2.112,2.286,2.352,2.286,1.212,3.730
82.280,83.510,2.258,2.094,2.279,2.324,2.294,1.243,3.900
86.750,88.100,2.359,2.237,2.382,2.431,2.382,1.258,4.200
88.500,90.250,2.349,2.277,2.432,2.472,2.423,1.257,4.460
88.270,90.910,2.329,2.256,2.455,2.494,2.445,1.302,4.260
89.660,92.900,2.452,2.376,2.510,2.540,2.477,1.327,4.090
90.970,93.170,2.430,2.358,2.511,2.532,2.493,1.333,4.160
89.540,94.720,2.442,2.387,2.509,2.519,2.510,1.327,4.520
91.020,97.090,2.474,2.412,2.604,2.624,2.621,1.358,4.460
89.750,97.340,2.464,2.414,2.641,2.647,2.659,1.360,4.570
86.110,96.620,2.411,2.352,2.644,2.650,2.669,1.346,4.450
89.520,100.360,2.466,2.411,2.739,2.757,2.773,1.335,4.510
85.510,99.900,2.471,2.440,2.715,2.781,2.782,1.331,4.170
84.130,102.810,2.511,2.489,2.729,2.831,2.816,1.363,3.900
95.260,110.490,2.731,2.673,2.878,3.012,2.957,1.467,3.840
101.050,114.530,2.864,2.828,3.024,3.154,3.126,1.445,3.820
103.740,114.450,2.832,2.851,3.029,3.174,3.100,1.350,3.800
99.790,112.670,2.734,2.775,3.010,3.219,3.097,1.413,3.880
104.410,115.410,2.846,2.891,3.041,3.298,3.145,1.445,4.120
105.080,116.490,2.972,2.958,3.062,3.312,3.146,1.358,4.300
109.290,123.030,3.117,3.080,3.198,3.421,3.268,1.414,4.150
107.750,123.570,3.133,3.105,3.198,3.380,3.249,1.418,4.120
109.110,122.740,3.192,3.133,3.176,3.344,3.243,1.451,4.270
112.300,125.360,3.290,3.245,3.221,3.397,3.315,1.546,4.390
105.840,119.560,3.159,3.182,3.050,3.235,3.175,1.547,4.500
99.870,114.530,3.152,3.199,2.936,3.131,3.091,1.529,4.180
97.990,112.020,2.865,2.848,2.871,3.049,3.020,1.520,4.150
99.550,113.410,2.933,2.888,2.932,3.107,3.043,1.487,4.350
100.920,115.680,2.924,2.906,3.035,3.185,3.122,1.520,4.650
100.050,117.730,2.899,2.849,3.073,3.178,3.148,1.538,4.830
95.870,116.790,2.868,2.809,3.032,3.114,3.115,1.534,4.560
92.700,110.180,2.739,2.674,2.852,2.956,2.930,1.520,4.330
93.700,109.030,2.796,2.771,2.863,2.968,2.935,1.484,4.320
97.120,115.390,2.973,2.939,3.018,3.101,3.079,1.513,4.300
96.720,117.720,3.043,2.989,3.087,3.137,3.137,1.528,4.410
98.010,118.200,3.039,2.990,3.097,3.136,3.164,1.534,4.580
97.830,117.700,3.048,2.999,3.092,3.111,3.163,1.542,4.400
90.850,112.650,2.889,2.816,3.001,3.022,3.063,1.548,4.210
82.860,105.300,2.741,2.673,2.848,2.865,2.905,1.484,4.080
85.360,109.540,2.807,2.773,2.923,2.934,2.992,1.534,4.010
85.060,111.060,2.862,2.866,2.951,2.986,3.023,1.532,4.010
88.070,116.110,2.911,2.920,3.035,3.089,3.082,1.558,4.010
87.910,115.970,2.937,2.841,3.019,3.083,3.018,1.580,3.960
88.930,114.980,2.794,2.720,2.955,3.037,2.964,1.606,3.950
83.650,111.980,2.678,2.583,2.875,2.972,2.897,1.533,3.770
81.180,107.690,2.635,2.569,2.815,2.940,2.881,1.519,3.810
79.430,104.030,2.710,2.633,2.794,2.927,2.857,1.454,3.530
85.350,111.590,2.882,2.777,2.949,3.086,2.949,1.482,3.480
86.820,111.470,2.772,2.693,3.007,3.136,3.003,1.478,3.620
92.320,111.330,2.744,2.675,3.045,3.178,3.041,1.475,3.620
93.240,109.840,2.703,2.621,3.029,3.347,3.027,1.450,3.470
96.970,114.680,2.719,2.633,3.125,3.338,3.127,1.470,3.420
99.320,110.690,2.577,2.476,3.105,3.138,3.094,1.468,3.100
96.890,106.670,2.548,2.453,2.971,3.018,2.954,1.450,2.920
99.910,110.050,2.602,2.506,2.987,3.008,2.974,1.448,3.370
100.080,109.310,2.636,2.532,2.947,2.938,2.914,1.440,3.390
96.060,106.260,2.568,2.483,2.834,2.836,2.791,1.373,3.080
97.740,107.720,2.639,2.556,2.852,2.887,2.847,1.348,3.040
99.810,107.510,2.698,2.617,2.896,2.958,2.908,1.400,3.040
102.390,112.510,2.778,2.709,3.067,3.112,3.075,1.362,2.920
100.430,111.780,2.774,2.736,3.071,3.115,3.126,1.262,2.810
99.950,109.600,2.831,2.790,3.028,3.063,3.073,1.286,2.400
99.350,109.180,2.867,2.827,3.049,3.067,3.074,1.279,2.570
97.800,111.200,2.910,2.875,3.071,3.080,3.089,1.274,2.450
98.560,117.210,2.988,2.948,3.197,3.203,3.202,1.229,2.510
101.730,119.790,3.025,2.988,3.181,3.211,3.184,1.180,2.520
107.180,123.340,3.113,3.115,3.270,3.361,3.292,1.220,2.630
107.520,124.880,3.174,3.067,3.238,3.367,3.245,1.230,2.450
106.320,126.620,3.043,3.104,3.222,3.428,3.249,1.268,2.260
106.150,126.220,3.117,3.155,3.247,3.412,3.285,1.260,2.110
106.410,124.350,3.219,3.215,3.201,3.352,3.242,1.270,2.160
105.120,124.430,3.307,3.240,3.189,3.344,3.255,1.260,2.060
103.520,124.180,3.361,3.250,3.198,3.360,3.269,1.211,1.970
102.550,120.870,3.278,3.173,3.127,3.229,3.206,1.200,1.930
103.150,117.180,3.154,3.059,3.124,3.195,3.209,1.202,1.860
103.780,118.100,3.090,2.987,3.158,3.244,3.221,1.181,2.000
103.470,116.670,2.986,2.876,3.114,3.245,3.188,1.086,2.260
96.980,111.780,2.933,2.826,2.976,3.098,3.041,1.009,2.330
93.110,109.870,2.875,2.755,2.872,2.961,2.945,0.957,2.490
90.880,108.140,2.827,2.739,2.840,2.894,2.883,0.867,2.590
87.060,103.470,2.714,2.662,2.723,2.781,2.772,0.767,2.370
84.430,99.030,2.683,2.584,2.654,2.692,2.703,0.773,2.330
83.270,97.210,2.672,2.572,2.629,2.663,2.680,0.774,2.240
81.110,92.460,2.535,2.463,2.589,2.618,2.657,0.815,2.520
80.230,91.230,2.515,2.433,2.601,2.634,2.672,0.800,2.760
85.740,98.800,2.664,2.584,2.725,2.764,2.798,0.810,2.840
85.780,99.880,2.769,2.614,2.761,2.797,2.852,0.844,2.820
90.340,105.400,2.820,2.703,2.883,2.922,2.959,0.931,2.920
88.880,104.180,2.711,2.644,2.850,2.898,2.926,0.899,3.130
89.100,107.270,2.837,2.781,2.860,2.921,2.955,0.879,3.120
93.140,112.490,2.987,2.907,2.995,3.116,3.112,0.930,2.920
94.430,115.040,3.002,2.930,3.057,3.247,3.167,0.943,2.770
96.220,116.100,3.041,2.979,3.103,3.308,3.200,0.879,2.790
95.680,113.020,3.146,3.139,3.132,3.403,3.258,0.866,2.720
95.680,114.110,3.244,3.078,3.130,3.417,3.227,0.962,2.820
97.560,115.410,3.335,3.099,3.190,3.391,3.263,0.922,2.880
93.700,111.830,3.134,2.980,3.100,3.200,3.137,0.878,2.760
91.350,110.350,3.363,2.986,3.116,3.214,3.144,0.890,2.930
90.810,111.410,3.234,3.011,3.141,3.274,3.144,0.954,3.220
91.420,114.880,3.163,3.035,3.212,3.342,3.207,0.951,3.260
91.590,113.590,2.897,2.749,3.183,3.247,3.153,0.952,3.310
86.350,108.270,2.717,2.516,3.062,3.100,3.015,0.973,3.410
85.870,108.850,2.730,2.453,3.049,3.099,2.951,0.992,3.440
85.980,107.780,2.810,2.511,2.988,3.091,2.914,0.936,3.400
85.870,109.120,2.921,2.514,2.973,3.038,2.923,0.895,3.540
87.400,110.260,2.818,2.589,3.058,3.107,3.039,0.856,3.610
87.270,109.820,2.789,2.525,3.027,3.062,3.003,0.837,3.660
87.000,109.080,2.681,2.455,2.979,2.947,2.928,0.780,3.410
85.710,109.100,2.645,2.344,2.939,2.895,2.883,0.738,3.300
88.240,109.790,2.755,2.489,3.013,2.989,2.939,0.806,3.300
90.140,109.810,2.827,2.613,3.051,3.049,3.015,0.879,3.340
92.770,112.350,2.814,2.643,3.037,3.055,2.990,0.866,3.280
93.380,112.370,2.809,2.646,3.058,3.099,3.065,0.829,3.180
94.580,111.350,2.770,2.606,3.045,3.092,3.089,0.809,3.440
95.410,113.720,2.880,2.669,3.088,3.135,3.126,0.862,3.540
97.330,115.130,3.032,2.804,3.129,3.208,3.179,0.852,3.260
96.180,117.150,3.057,2.828,3.213,3.278,3.247,0.854,3.330
96.950,118.100,3.088,2.967,3.248,3.316,3.284,0.855,3.260
94.380,115.300,3.092,3.040,3.145,3.261,3.206,0.874,3.280
92.190,112.420,2.992,2.924,3.017,3.143,3.087,0.861,3.480
91.000,109.980,2.913,2.888,2.982,3.073,3.012,0.846,3.570
92.700,108.410,2.909,2.934,2.971,3.000,2.992,0.879,3.740
93.050,107.330,2.875,2.852,2.905,2.954,2.918,0.914,3.990
96.080,107.680,2.911,2.886,2.901,3.040,2.938,0.953,4.050
95.070,107.060,2.758,2.725,2.929,3.067,2.962,0.918,3.990
93.360,103.250,2.677,2.678,2.795,2.970,2.878,0.939,4.130
88.000,98.090,2.691,2.658,2.622,2.801,2.693,0.945,4.250
91.000,100.610,2.691,2.674,2.663,2.829,2.731,0.948,4.240
93.400,101.530,2.699,2.683,2.668,2.802,2.686,0.945,4.230
95.840,103.770,2.767,2.755,2.768,2.884,2.748,0.947,3.890
94.650,102.910,2.777,2.758,2.747,2.856,2.735,0.939,3.950
94.760,102.300,2.747,2.681,2.744,2.843,2.740,0.926,4.140
93.320,102.030,2.707,2.649,2.726,2.829,2.712,0.907,4.120
94.250,102.920,2.752,2.706,2.731,2.891,2.755,0.906,3.940
96.360,103.390,2.786,2.752,2.749,2.941,2.787,0.872,3.770
96.650,103.930,2.769,2.719,2.800,2.947,2.795,0.826,3.870
95.830,101.430,2.655,2.573,2.726,2.877,2.737,0.848,3.720
100.650,105.180,2.747,2.663,2.809,2.958,2.812,0.868,3.540
104.700,108.260,2.935,2.858,2.874,3.042,2.885,0.912,3.660
106.880,109.410,3.015,2.953,2.943,3.102,2.943,0.950,3.690
105.880,108.400,2.935,2.880,2.905,3.047,2.904,0.930,3.670
105.540,108.610,2.963,2.887,2.898,3.082,2.944,0.951,3.450
105.170,108.560,2.866,2.777,2.869,3.040,2.917,0.989,3.320
106.970,110.730,2.927,2.858,2.952,3.093,2.993,1.046,3.350
105.480,111.120,2.947,2.881,2.978,3.111,3.018,1.102,3.490
108.330,115.320,2.982,2.916,3.046,3.159,3.096,1.145,3.550
108.770,116.030,2.933,2.761,3.040,3.164,3.036,1.161,3.640
108.360,113.220,2.824,2.626,3.004,3.126,2.981,1.116,3.610
106.220,109.980,2.769,2.564,2.932,3.021,2.910,1.118,3.710
103.100,108.800,2.712,2.515,2.897,2.976,2.849,1.052,3.550
103.140,108.630,2.670,2.485,2.911,2.987,2.857,1.083,3.560
102.700,110.300,2.706,2.534,2.973,3.031,2.915,1.114,3.700
101.510,110.110,2.722,2.571,2.967,2.985,2.902,1.153,3.790
97.570,107.820,2.657,2.424,2.905,2.910,2.852,1.149,3.690
96.940,107.610,2.654,2.407,2.923,2.932,2.875,1.169,3.550
94.310,104.540,2.588,2.297,2.852,2.850,2.753,1.177,3.470
93.940,107.100,2.695,2.449,2.890,2.873,2.792,1.189,3.620
93.920,109.320,2.725,2.583,2.952,2.920,2.859,1.193,3.680
92.970,111.320,2.707,2.509,3.027,3.026,2.942,1.165,3.870
96.210,112.280,2.727,2.486,3.044,3.036,2.952,1.246,3.940
97.230,109.100,2.665,2.429,2.986,2.948,2.909,1.309,4.310
97.850,110.340,2.714,2.512,2.999,2.968,2.928,1.282,4.250
99.150,111.720,2.823,2.640,3.091,3.050,3.025,1.261,4.450
96.470,108.730,2.753,2.559,3.035,2.984,2.960,1.254,4.360
92.420,107.010,2.685,2.550,2.966,2.893,2.908,1.265,4.310
92.980,107.830,2.636,2.548,3.005,2.895,2.912,1.304,4.390
96.190,109.140,2.687,2.568,3.119,2.969,2.941,1.508,5.080
97.290,108.830,2.675,2.546,3.205,2.959,2.930,1.589,5.290
97.780,107.730,2.691,2.593,3.059,2.952,2.881,1.586,6.350
100.210,109.120,2.798,2.716,3.031,2.997,2.976,1.530,6.550
102.930,109.740,2.879,2.712,3.100,3.122,3.047,1.481,6.000
102.770,109.170,2.831,2.761,3.062,3.036,2.972,1.183,5.100
103.070,109.140,2.809,2.731,3.028,2.960,2.992,1.083,6.240
99.550,108.010,2.791,2.726,2.916,2.867,2.895,1.083,4.580
99.770,106.530,2.722,2.719,2.835,2.858,2.832,1.047,4.430
100.660,106.540,2.699,2.687,2.873,2.910,2.848,1.044,4.460
100.460,105.260,2.709,2.716,2.854,2.914,2.833,1.066,4.450
102.720,106.510,2.886,2.808,2.867,2.959,2.863,1.100,4.630
103.950,109.070,2.971,2.840,2.925,3.023,2.931,1.125,4.650
102.110,109.210,3.001,2.836,2.918,3.050,2.935,1.117,4.800
100.510,109.150,2.883,2.761,2.865,3.048,2.869,1.083,4.760
100.290,108.480,2.832,2.698,2.841,3.034,2.843,1.051,4.740
101.920,109.530,2.864,2.750,2.880,3.028,2.889,1.021,4.460
103.820,110.720,2.896,2.813,2.877,3.006,2.886,1.039,4.520
103.950,109.620,2.853,2.810,2.846,2.976,2.853,1.052,4.520
103.230,108.980,2.819,2.764,2.795,2.899,2.799,1.018,4.610
105.970,110.980,2.882,2.832,2.855,2.964,2.849,1.017,4.610
107.230,114.290,2.952,2.917,2.952,3.075,2.946,1.065,4.660
106.690,113.090,2.932,2.883,2.932,3.083,2.940,1.082,4.520
105.520,110.260,2.887,2.829,2.845,3.032,2.845,1.050,4.410
103.250,107.030,2.829,2.745,2.759,2.925,2.793,1.036,4.190
102.370,105.390,2.786,2.698,2.756,2.897,2.794,1.036,4.110
104.350,106.340,2.782,2.680,2.768,2.916,2.829,1.041,3.840
102.190,105.710,2.735,2.630,2.777,2.944,2.842,1.019,3.790
97.500,103.600,2.688,2.598,2.776,2.952,2.838,1.006,3.920
97.170,101.940,2.685,2.633,2.759,2.941,2.840,1.030,3.900
94.950,99.880,2.704,2.666,2.725,2.923,2.815,1.019,3.850
96.250,100.640,2.750,2.642,2.752,2.979,2.866,1.021,4.010
94.060,100.450,2.748,2.628,2.714,2.950,2.841,1.040,3.930
92.430,97.320,2.691,2.555,2.651,2.830,2.760,1.071,3.910
93.520,97.020,2.677,2.593,2.614,2.746,2.705,1.092,3.950
93.150,95.010,2.762,2.642,2.591,2.722,2.664,1.052,3.880
91.440,93.410,2.667,2.565,2.566,2.711,2.626,1.039,4.020
87.630,90.190,2.483,2.289,2.495,2.632,2.519,1.011,3.870
82.880,85.500,2.331,2.093,2.404,2.532,2.428,0.915,3.820
82.120,85.580,2.347,2.056,2.368,2.520,2.402,0.865,3.630
81.290,85.560,2.302,2.069,2.348,2.544,2.404,0.891,3.650
78.240,83.040,2.213,2.070,2.310,2.506,2.395,0.862,3.830
76.500,79.900,2.183,1.994,2.289,2.456,2.314,0.827,4.160
75.380,77.620,2.151,1.867,2.226,2.361,2.266,0.754,4.340
72.360,76.630,2.102,1.788,2.152,2.282,2.191,0.757,4.160
67.180,69.720,1.902,1.640,1.981,2.093,2.030,0.640,3.750
61.140,64.080,1.712,1.504,1.896,1.930,1.872,0.529,3.660
55.890,59.770,1.607,1.384,1.807,1.794,1.761,0.552,3.690
55.580,58.690,1.590,1.238,1.825,1.835,1.634,0.543,2.940
53.440,56.030,1.514,1.256,1.703,1.750,1.582,0.499,3.090
48.770,49.470,1.376,1.209,1.670,1.615,1.532,0.454,3.030
47.070,46.580,1.325,1.226,1.597,1.511,1.452,0.465,3.080
46.460,46.440,1.350,1.288,1.586,1.533,1.485,0.506,2.950
45.320,46.760,1.377,1.360,1.587,1.541,1.499,0.489,2.910
50.580,54.620,1.531,1.520,1.746,1.776,1.679,0.535,2.720
