model,origin,target_first,target_last,realized,point_forecast,lower_90,upper_90,log_predictive_density
AR(4),1999Q4,2000Q1,2000Q4,3.38553734,3.5654327754077,0.481596829276833,6.65618704463093,-1.54604614747816
AR(4),2000Q1,2000Q2,2001Q1,3.3529152325,3.89370204972528,0.816733697967407,6.98041767109122,-1.58139811774916
AR(4),2000Q2,2000Q3,2001Q2,3.270828055,3.4661064973916,0.393695995656976,6.53693494883291,-1.54221686015856
AR(4),2000Q3,2000Q4,2001Q3,2.642990615,3.89509265920007,0.834682387044161,6.96012516837857,-1.7646342590076
AR(4),2000Q4,2001Q1,2001Q4,1.8575211875,3.10925354295894,0.044410740958591,6.16448339395804,-1.76789099915366
AR(4),2001Q1,2001Q2,2002Q1,1.2242360275,3.8859424085458,0.838492837929924,6.93991799034195,-2.5773421404487
AR(4),2001Q2,2001Q3,2002Q2,1.3086745,3.10300579454609,0.052636014906994,6.14535463002838,-2.01154693544472
AR(4),2001Q3,2001Q4,2002Q3,1.56398645,2.28164249554768,-0.786766238950627,5.32803630048914,-1.6125603933434
AR(4),2001Q4,2002Q1,2002Q4,2.22850448,0.871682326577209,-2.24931385498999,3.95289542744673,-1.80085899047814
AR(4),2002Q1,2002Q2,2003Q1,2.93297792,1.65712989312675,-1.42562263650709,4.72961998242008,-1.77448872889557
AR(4),2002Q2,2002Q3,2003Q2,1.986089555,3.03045149541639,-0.0313759895361647,6.11012093752049,-1.69295044615389
AR(4),2002Q3,2002Q4,2003Q3,2.1926696075,3.0945297291847,0.0431367689627494,6.15445682815713,-1.65086361046304
AR(4),2002Q4,2003Q1,2003Q4,1.9820632475,3.15729276094332,0.123000256569484,6.19384665433475,-1.73249366444543
AR(4),2003Q1,2003Q2,2004Q1,1.8015259325,3.7457420919141,0.719967889209461,6.7844680848248,-2.08846365901719
AR(4),2003Q2,2003Q3,2004Q2,2.74777097,1.16211776874597,-1.93139784961292,4.21723362734331,-1.89473746135891
AR(4),2003Q3,2003Q4,2004Q3,2.6397109675,3.21953888887047,0.173530628221233,6.27291554123602,-1.57890437409695
AR(4),2003Q4,2004Q1,2004Q4,3.3289192825,1.578127061802,-1.48942407478148,4.62784301405523,-1.98085924056769
AR(4),2004Q1,2004Q2,2005Q1,2.99002225,3.96756872422936,0.91792968451835,7.04143075963975,-1.66972821259566
AR(4),2004Q2,2004Q3,2005Q2,2.881037325,3.17147849671634,0.143696102829987,6.20180868814362,-1.53553680130082
AR(4),2004Q3,2004Q4,2005Q3,3.74860368,3.31418038766803,0.290303131327702,6.33843285774385,-1.55010596264101
AR(4),2004Q4,2005Q1,2005Q4,3.608771245,3.94360044676273,0.932164178200001,6.96647950612126,-1.53519547709371
AR(4),2005Q1,2005Q2,2006Q1,3.6243864925,2.72329982045123,-0.300262859614724,5.7332629780131,-1.63981367559447
AR(4),2005Q2,2005Q3,2006Q2,3.84922604,3.24090825483821,0.234152749330361,6.2450373959586,-1.57175956863043
AR(4),2005Q3,2005Q4,2006Q3,3.2855452525,4.6717498502504,1.6669736952406,7.70392757226954,-1.8038248836171
AR(4),2005Q4,2006Q1,2006Q4,1.94633109,4.14339838661173,1.14512997827461,7.1497814154275,-2.25082449439845
AR(4),2006Q1,2006Q2,2007Q1,2.4025571325,3.3164632639966,0.313247765460708,6.30563087259669,-1.64453506939737
AR(4),2006Q2,2006Q3,2007Q2,2.6303865225,3.12511673801372,0.128602918392394,6.11278273656959,-1.55003030827611
AR(4),2006Q3,2006Q4,2007Q3,2.32181072,3.51481934903113,0.538154710751094,6.49533637795577,-1.72774831721328
AR(4),2006Q4,2007Q1,2007Q4,3.952006005,0.830125804819809,-2.24395585017401,3.85697200586536,-2.96442260269455
AR(4),2007Q1,2007Q2,2008Q1,4.0537494125,3.27560329698583,0.265696595099124,6.29624934339976,-1.61312110504954
AR(4),2007Q2,2007Q3,2008Q2,4.2201087775,3.34787982068579,0.344577493440348,6.36730965099368,-1.63724391003866
AR(4),2007Q3,2007Q4,2008Q3,5.1192057675,4.08318063718557,1.08352343450456,7.09683401890493,-1.68392708909075
AR(4),2007Q4,2008Q1,2008Q4,1.5832037325,4.38892564863486,1.41016610316028,7.37915618768227,-2.7205850534839
AR(4),2008Q1,2008Q2,2009Q1,-0.18440671,3.90051615117677,0.924144209511696,6.88000021635152,-4.06144420432708
AR(4),2008Q2,2008Q3,2009Q2,-0.946606255,5.0547436506819,2.08054848578637,8.04768122342036,-6.93336923823249
AR(4),2008Q3,2008Q4,2009Q3,-1.62000756,5.22302292080878,2.24876616591487,8.21445096525698,-8.47990542362157
AR(4),2008Q4,2009Q1,2009Q4,1.47669931,-3.1437261235649,-6.81719530515555,0.365962096828645,-4.0238457131385
AR(4),2009Q1,2009Q2,2010Q1,2.3253236,-1.2722189266759,-4.75228104616002,2.13180385884185,-3.14845583583281
AR(4),2009Q2,2009Q3,2010Q2,1.759699635,-0.521393360584966,-3.89602707822418,2.84453683757119,-2.25991495101183
AR(4),2009Q3,2009Q4,2010Q3,1.1957044675,3.97853061213367,0.581879763800378,7.4434777142432,-2.5389373486644
AR(4),2009Q4,2010Q1,2010Q4,1.2222834875,3.87546972727264,0.618655958523457,7.15605419438466,-2.5013427790067
AR(4),2010Q1,2010Q2,2011Q1,2.12546869,2.20003108145963,-1.04709305723411,5.42589043644634,-1.59054654723278
AR(4),2010Q2,2010Q3,2011Q2,3.29134256,1.36260948775974,-1.91241811540439,4.60703260662578,-2.07162392161923
AR(4),2010Q3,2010Q4,2011Q3,3.6485737425,1.62380886013782,-1.63178363039528,4.86651237790251,-2.12626738393628
AR(4),2010Q4,2011Q1,2011Q4,3.29000849,2.94156661954781,-0.293973068052489,6.19352945050702,-1.60925402086283
AR(4),2011Q1,2011Q2,2012Q1,2.790037305,3.9422206451672,0.712907832860078,7.19626463960229,-1.76052282160431
AR(4),2011Q2,2011Q3,2012Q2,1.870318295,4.35451276671461,1.13189994983217,7.59514360995587,-2.39775547200107
AR(4),2011Q3,2011Q4,2012Q3,1.67082339,3.33688332979543,0.116660188797394,6.54852113932522,-1.95706218550937
AR(4),2011Q4,2012Q1,2012Q4,1.88567667,2.67723605706104,-0.551666425748361,5.88775141672202,-1.67138949895618
AR(4),2012Q1,2012Q2,2013Q1,1.725233765,2.52752026466696,-0.689969847630725,5.73365730617818,-1.67061045886782
AR(4),2012Q2,2012Q3,2013Q2,1.404809445,1.91917237423688,-1.30782489450306,5.12916922480297,-1.62155077946561
AR(4),2012Q3,2012Q4,2013Q3,1.4937413525,2.41929880332307,-0.794258686894455,5.62895332133305,-1.69794261060719
AR(4),2012Q4,2013Q1,2013Q4,1.2000751225,2.69825216628794,-0.504978905115381,5.90360329651586,-1.88167259818865
AR(4),2013Q1,2013Q2,2014Q1,1.4197812,2.51463072449213,-0.682723336677788,5.70762166513469,-1.74058866137459
AR(4),2013Q2,2013Q3,2014Q2,2.05899997,1.38557300769787,-1.84087042311739,4.58609528758156,-1.63955770051107
AR(4),2013Q3,2013Q4,2014Q3,1.7751212225,2.28510469544999,-0.913142476055132,5.48134707658525,-1.61311505404049
AR(4),2013Q4,2014Q1,2014Q4,1.15728322,1.980907890743,-1.21830167626258,5.17479067108444,-1.67041126461879
AR(4),2014Q1,2014Q2,2015Q1,-0.1129569325,3.00848959370984,-0.171394019411799,6.19846993733003,-2.88979107208676
AR(4),2014Q2,2014Q3,2015Q2,0.0370032474999999,2.56808316415945,-0.607636537130299,5.73999609932613,-2.44659521692323
AR(4),2014Q3,2014Q4,2015Q3,0.15848531,2.17998039667426,-0.996086948819995,5.34462020942756,-2.13369122726449
AR(4),2014Q4,2015Q1,2015Q4,0.3996702375,0.876001658628514,-2.34489837724225,4.06546615267258,-1.61419289279642
AR(4),2015Q1,2015Q2,2016Q1,0.98694863,-0.307598748068318,-3.59320474098214,2.93496163230074,-1.80528570042764
AR(4),2015Q2,2015Q3,2016Q2,1.10391699,2.10873183318085,-1.10875547630076,5.34101807242036,-1.71761123357827
AR(4),2015Q3,2015Q4,2016Q3,1.1505038125,1.95104133922418,-1.25875412039883,5.16758161517545,-1.66749153191081
AR(4),2015Q4,2016Q1,2016Q4,1.7908480125,1.96888148212802,-1.23058290754061,5.16213728641045,-1.58209546311903
AR(4),2016Q1,2016Q2,2017Q1,2.554230555,1.02139731894311,-2.18825964975846,4.20760085113162,-1.88892411795006
AR(4),2016Q2,2016Q3,2017Q2,1.872938725,2.62710615949517,-0.548742461581887,5.81590153282748,-1.64867398189995
AR(4),2016Q3,2016Q4,2017Q3,1.9262671075,2.30474113387139,-0.866058436573588,5.47652557102596,-1.58939221096755
AR(4),2016Q4,2017Q1,2017Q4,2.085873845,3.10722604867559,-0.0524191812721553,6.27512119981288,-1.70971743562832
AR(4),2017Q1,2017Q2,2018Q1,2.223709235,2.81155509835626,-0.337782097765046,5.95973621170721,-1.61105854870844
AR(4),2017Q2,2017Q3,2018Q2,2.6513328525,1.9059360583629,-1.25470738590196,5.04969394807468,-1.63829608830615
AR(4),2017Q3,2017Q4,2018Q3,2.57546497,2.36867358397727,-0.78115317757104,5.51455182390521,-1.56809302166443
AR(4),2017Q4,2018Q1,2018Q4,2.189375965,2.77967092980139,-0.358878979397006,5.92366560309483,-1.60835093759711
AR(4),2018Q1,2018Q2,2019Q1,1.616880545,3.41157302621805,0.280092238435329,6.55480485596434,-2.00700840567214
AR(4),2018Q2,2018Q3,2019Q2,1.8059773525,2.89336154225317,-0.2337245994349,6.01614555923232,-1.72360180996175
AR(4),2018Q3,2018Q4,2019Q3,1.7342738725,2.41353630774994,-0.716194355395519,5.53180399291861,-1.62212584528582
AR(4),2018Q4,2019Q1,2019Q4,2.0278838825,2.17609570454978,-0.946382463383383,5.2879846325844,-1.55619250415116
AR(4),2019Q1,2019Q2,2020Q1,2.121112185,1.90179522746252,-1.22714726316426,5.01977093105128,-1.56094305521744
AR(4),2019Q2,2019Q3,2020Q2,0.4084409725,2.83694039622538,-0.273055383399289,5.95430706845122,-2.38610030014657
AR(4),2019Q3,2019Q4,2020Q3,1.215720955,2.12426168226394,-0.98862731539156,5.22918397637841,-1.66983813709058
AR(4),2019Q4,2020Q1,2020Q4,1.2346176775,3.02507478220404,-0.0749737318457502,6.13127391329447,-2.0054318921381
AR(4),2020Q1,2020Q2,2021Q1,1.884879235,2.10463242923621,-1.00348587386754,5.20163260241138,-1.55557555604969
AR(4),2020Q2,2020Q3,2021Q2,4.6720938125,-0.403278455035447,-3.62832028801995,2.77137478517945,-5.04343867722563
AR(4),2020Q3,2020Q4,2021Q3,5.1164117325,2.93348781916836,-0.206716164739212,6.09379001425995,-2.23049248737602
AR(4),2020Q4,2021Q1,2021Q4,6.552029305,2.33193165164233,-0.803434939527223,5.47629426685313,-4.00636196255902
AR(4),2021Q1,2021Q2,2022Q1,7.71855149,4.39035258279869,1.23952523982541,7.57003805225861,-3.07998776109113
AR(4),2021Q2,2021Q3,2022Q2,8.2362932275,5.1757770704125,2.03201227905445,8.34732739343147,-2.85547723210078
AR(4),2021Q3,2021Q4,2022Q3,7.96621029,5.38872351738462,2.23592125355062,8.56409257782349,-2.48493901354337
AR(4),2021Q4,2022Q1,2022Q4,6.8517657925,6.80127202599967,3.60646101647536,10.0304951615772,-1.58357590591662
AR(4),2022Q1,2022Q2,2023Q1,5.57170678,6.69519347477519,3.48687888074845,9.92730381722365,-1.74808925587671
AR(4),2022Q2,2022Q3,2023Q2,3.96430864,7.4496846346195,4.21258070617023,10.7156809763383,-3.16602258561442
AR(4),2022Q3,2022Q4,2023Q3,3.503938185,5.25243799499166,2.02179638302602,8.47063792754636,-1.99586287386374
AR(4),2022Q4,2023Q1,2023Q4,3.18231896,4.32032135554705,1.10211773260442,7.51976819037523,-1.76002785012315
AR(4),2023Q1,2023Q2,2024Q1,3.19284311,3.30669386239749,0.100808529944474,6.49330533311441,-1.58037141182602
AR(4),2023Q2,2023Q3,2024Q2,3.141650205,3.1129145247029,-0.0620212261022952,6.27773520023181,-1.56976134554911
AR(4),2023Q3,2023Q4,2024Q3,2.62291084,3.33109260522509,0.165452650370126,6.49490362620303,-1.63764818121025
AR(4),2023Q4,2024Q1,2024Q4,2.68674916,3.08167181189133,-0.0764369065180055,6.23664573551729,-1.58753455597146
AR(4),2024Q1,2024Q2,2025Q1,2.687539325,3.53534021239384,0.384219714346349,6.69082009268042,-1.66354549814268
AR(4),2024Q2,2024Q3,2025Q2,2.43123167,3.01685840352627,-0.135988409514869,6.16463632297026,-1.61212724955575
AR(4),2024Q3,2024Q4,2025Q3,2.860135085,2.39562363804257,-0.763612534991137,5.54138376959418,-1.59280440196654
UC,1999Q4,2000Q1,2000Q4,3.38553734,2.79706703704567,-0.288092644933234,5.89629450450952,-1.59512035725248
UC,2000Q1,2000Q2,2001Q1,3.3529152325,3.36771750419796,0.285260963944436,6.47126181252242,-1.54328354244053
UC,2000Q2,2000Q3,2001Q2,3.270828055,3.23136194670312,0.150990017928327,6.3171993071451,-1.53979431606324
UC,2000Q3,2000Q4,2001Q3,2.642990615,3.42820501995188,0.33877313093934,6.51905781632533,-1.63218126721354
UC,2000Q4,2001Q1,2001Q4,1.8575211875,3.1239823003907,0.0665219076953956,6.18147536414428,-1.77048200758603
UC,2001Q1,2001Q2,2002Q1,1.2242360275,3.48978147449296,0.435282686948849,6.54681145654716,-2.28959101475868
UC,2001Q2,2001Q3,2002Q2,1.3086745,3.12648525609961,0.0610600555813552,6.18946594370697,-2.02318722272651
UC,2001Q3,2001Q4,2002Q3,1.56398645,2.10123172692222,-1.00066024257893,5.17197667264671,-1.586870055
UC,2001Q4,2002Q1,2002Q4,2.22850448,0.910355640503451,-2.20427935143838,3.98408318931247,-1.78464651628666
UC,2002Q1,2002Q2,2003Q1,2.93297792,1.10509554734122,-1.97390574968851,4.17596765234692,-2.0240975040673
UC,2002Q2,2002Q3,2003Q2,1.986089555,2.14614667320864,-0.907007368853729,5.21477762795602,-1.53664708054917
UC,2002Q3,2002Q4,2003Q3,2.1926696075,2.13287943022962,-0.91790453295438,5.19787034208218,-1.53245595214766
UC,2002Q4,2003Q1,2003Q4,1.9820632475,2.23859986583478,-0.814192280995335,5.29925770900759,-1.53960798062908
UC,2003Q1,2003Q2,2004Q1,1.8015259325,3.19579793369188,0.153104853293886,6.2714744535462,-1.81126277783928
UC,2003Q2,2003Q3,2004Q2,2.74777097,1.23170920182514,-1.84786208264126,4.27488704850629,-1.86227089400085
UC,2003Q3,2003Q4,2004Q3,2.6397109675,2.11583160052045,-0.916441199968912,5.15565197114177,-1.56701340508678
UC,2003Q4,2004Q1,2004Q4,3.3289192825,1.82471968540199,-1.18463182598122,4.82566349992567,-1.85972798096524
UC,2004Q1,2004Q2,2005Q1,2.99002225,2.57378713225834,-0.43736340031617,5.59767060472818,-1.54643462623757
UC,2004Q2,2004Q3,2005Q2,2.881037325,2.86998628032845,-0.145153968046232,5.90419156463244,-1.52053383718947
UC,2004Q3,2004Q4,2005Q3,3.74860368,2.68768959404235,-0.334914603032047,5.71487785420348,-1.69342391059252
UC,2004Q4,2005Q1,2005Q4,3.608771245,3.48675970674623,0.476261168144791,6.51464770736518,-1.5217164997052
UC,2005Q1,2005Q2,2006Q1,3.6243864925,2.73914846018932,-0.266056966543146,5.74094783827302,-1.63428214299991
UC,2005Q2,2005Q3,2006Q2,3.84922604,2.7206194435499,-0.293443415667112,5.72491967598084,-1.70905903682288
UC,2005Q3,2005Q4,2006Q3,3.2855452525,4.34816858752417,1.3555916766378,7.38415666830408,-1.67967446231073
UC,2005Q4,2006Q1,2006Q4,1.94633109,4.01443418636529,1.02479064237979,7.01479231519816,-2.16766026901719
UC,2006Q1,2006Q2,2007Q1,2.4025571325,3.0625929284961,0.0663638241523695,6.04084571864856,-1.57984419667135
UC,2006Q2,2006Q3,2007Q2,2.6303865225,3.32247819063833,0.334671280590746,6.31077619854788,-1.58393437762662
UC,2006Q3,2006Q4,2007Q3,2.32181072,3.53856384443553,0.555212944039777,6.52308783349505,-1.73835663152365
UC,2006Q4,2007Q1,2007Q4,3.952006005,1.01097158725902,-2.07779420596981,4.03583835796369,-2.7931825207457
UC,2007Q1,2007Q2,2008Q1,4.0537494125,2.42866786974586,-0.524225855562215,5.38188121696538,-1.91674090118056
UC,2007Q2,2007Q3,2008Q2,4.2201087775,3.4061331325051,0.456717001584032,6.38684208354781,-1.61266025577868
UC,2007Q3,2007Q4,2008Q3,5.1192057675,2.97702701977619,0.0263693333584184,5.92596500830291,-2.22383971468053
UC,2007Q4,2008Q1,2008Q4,1.5832037325,3.87433707551696,0.918393364662637,6.8498206298028,-2.32048110795296
UC,2008Q1,2008Q2,2009Q1,-0.18440671,4.05779221726681,1.09979515732916,7.02807403069603,-4.28623651256021
UC,2008Q2,2008Q3,2009Q2,-0.946606255,4.57988268019583,1.62873231279447,7.55447519155396,-6.19623479242363
UC,2008Q3,2008Q4,2009Q3,-1.62000756,5.29845354003905,2.33919178021272,8.29391034127001,-8.6954443858187
UC,2008Q4,2009Q1,2009Q4,1.47669931,-0.398480069078145,-3.93067739422268,2.9267699825849,-2.00073165555511
UC,2009Q1,2009Q2,2010Q1,2.3253236,-1.54323006621909,-4.85417533966648,1.66464162740275,-3.53959152597821
UC,2009Q2,2009Q3,2010Q2,1.759699635,0.110676854470987,-2.92507536577746,3.09683107617593,-1.91645220019739
UC,2009Q3,2009Q4,2010Q3,1.1957044675,1.35991966882226,-1.58723051976672,4.33437193189858,-1.50158890472852
UC,2009Q4,2010Q1,2010Q4,1.2222834875,1.98778274939098,-0.95541776668555,4.9715404059933,-1.58361522086527
UC,2010Q1,2010Q2,2011Q1,2.12546869,1.48494413364732,-1.43493057792427,4.40286167875331,-1.55077650530063
UC,2010Q2,2010Q3,2011Q2,3.29134256,0.893845449937917,-2.07841548519037,3.83970089823931,-2.40099773079032
UC,2010Q3,2010Q4,2011Q3,3.6485737425,1.00906420936452,-1.95774894231867,3.96379172776909,-2.59557635908454
UC,2010Q4,2011Q1,2011Q4,3.29000849,1.80665810936319,-1.12773501234938,4.76634885430452,-1.85518847317496
UC,2011Q1,2011Q2,2012Q1,2.790037305,2.66972878043468,-0.252269405034257,5.65862382557525,-1.50164328788879
UC,2011Q2,2011Q3,2012Q2,1.870318295,3.36543191543809,0.395320820994194,6.40569590967591,-1.83672798963391
UC,2011Q3,2011Q4,2012Q3,1.67082339,3.05715812295079,0.102158118491614,6.04865358006849,-1.79464478932982
UC,2011Q4,2012Q1,2012Q4,1.88567667,2.57688923987638,-0.370488089823731,5.52642473639984,-1.57091511599856
UC,2012Q1,2012Q2,2013Q1,1.725233765,2.45474200854638,-0.498300953365805,5.40179990168787,-1.5816454649828
UC,2012Q2,2012Q3,2013Q2,1.404809445,1.86116460707215,-1.10440228886152,4.78714691587193,-1.53219137842109
UC,2012Q3,2012Q4,2013Q3,1.4937413525,1.85022486018815,-1.11527029515424,4.79280539392081,-1.5188189138382
UC,2012Q4,2013Q1,2013Q4,1.2000751225,2.15757714339847,-0.780740440524919,5.09666802985277,-1.63920792136407
UC,2013Q1,2013Q2,2014Q1,1.4197812,1.94416046199547,-0.995035559174593,4.87780280993911,-1.53553930807774
UC,2013Q2,2013Q3,2014Q2,2.05899997,1.08048985033453,-1.90108078271921,3.99800413877038,-1.63280250551377
UC,2013Q3,2013Q4,2014Q3,1.7751212225,1.48087335818405,-1.44506107625856,4.40002562043944,-1.50012520695456
UC,2013Q4,2014Q1,2014Q4,1.15728322,1.48789543600595,-1.44490757142222,4.41174648933555,-1.50565252466564
UC,2014Q1,2014Q2,2015Q1,-0.1129569325,1.85315674836978,-1.09876637506892,4.81237313030695,-2.11017194609508
UC,2014Q2,2014Q3,2015Q2,0.0370032474999999,1.95076948924465,-0.980390893788716,4.89316063056563,-2.07814869269483
UC,2014Q3,2014Q4,2015Q3,0.15848531,1.60887962601358,-1.29517116764186,4.51051841809011,-1.82807764421429
UC,2014Q4,2015Q1,2015Q4,0.3996702375,0.650583650792514,-2.30912493200121,3.56266266550194,-1.50632228148767
UC,2015Q1,2015Q2,2016Q1,0.98694863,-0.608765732433963,-3.66283015337914,2.36205927350592,-1.87922954016379
UC,2015Q2,2015Q3,2016Q2,1.10391699,0.699767863778866,-2.21009918396854,3.60839977670293,-1.50856600805287
UC,2015Q3,2015Q4,2016Q3,1.1505038125,0.990047196860452,-1.9153549742799,3.9077094941141,-1.48528566866297
UC,2015Q4,2016Q1,2016Q4,1.7908480125,0.620380452807271,-2.26674796321543,3.49360081864897,-1.69774930287334
UC,2016Q1,2016Q2,2017Q1,2.554230555,0.296949088781189,-2.63589996369529,3.21435214950058,-2.30613213874839
UC,2016Q2,2016Q3,2017Q2,1.872938725,1.36000972135986,-1.52206216689337,4.27430518341436,-1.52592560558201
UC,2016Q3,2016Q4,2017Q3,1.9262671075,1.46499937797599,-1.43074144046599,4.39004160863346,-1.52167407775035
UC,2016Q4,2017Q1,2017Q4,2.085873845,1.83939109963506,-1.04328632049442,4.75083896162598,-1.49176337866234
UC,2017Q1,2017Q2,2018Q1,2.223709235,2.20046776750708,-0.701422851659604,5.12960826704141,-1.48461327626073
UC,2017Q2,2017Q3,2018Q2,2.6513328525,1.55262188591021,-1.33858741121511,4.43965167174718,-1.67500404643659
UC,2017Q3,2017Q4,2018Q3,2.57546497,1.68032640472819,-1.21087776908993,4.57934419517859,-1.61237172827581
UC,2017Q4,2018Q1,2018Q4,2.189375965,2.22153182160064,-0.655591380655487,5.12319771973675,-1.47585283137777
UC,2018Q1,2018Q2,2019Q1,1.616880545,2.63748521527745,-0.245052002881583,5.55684340483234,-1.64166736772686
UC,2018Q2,2018Q3,2019Q2,1.8059773525,2.43914512568976,-0.453888229704523,5.33908673102015,-1.54356769233892
UC,2018Q3,2018Q4,2019Q3,1.7342738725,2.1343342704264,-0.749667928586732,5.01894916309531,-1.50051881379918
UC,2018Q4,2019Q1,2019Q4,2.0278838825,1.95464163985378,-0.923697223815741,4.82302311551794,-1.46942261288758
UC,2019Q1,2019Q2,2020Q1,2.121112185,1.62291480743957,-1.28742123680576,4.51869032771542,-1.51885954252256
UC,2019Q2,2019Q3,2020Q2,0.4084409725,2.11901409179405,-0.743325028451612,4.98750238384242,-1.95964015748077
UC,2019Q3,2019Q4,2020Q3,1.215720955,1.80894430924628,-1.07099821600441,4.68486774298389,-1.53099525704258
UC,2019Q4,2020Q1,2020Q4,1.2346176775,2.1772921191782,-0.698110799990751,5.06631118561453,-1.61778902505815
UC,2020Q1,2020Q2,2021Q1,1.884879235,1.89283042453545,-0.97423173606751,4.75395757694044,-1.46509384010248
UC,2020Q2,2020Q3,2021Q2,4.6720938125,-0.274818404446871,-3.29241942003294,2.66078312511812,-5.38359184607234
UC,2020Q3,2020Q4,2021Q3,5.1164117325,1.53244272395017,-1.2698244496261,4.34619624144152,-3.66125758605264
UC,2020Q4,2021Q1,2021Q4,6.552029305,1.96296616791339,-0.848572115499329,4.79855047027728,-4.95499719440485
UC,2021Q1,2021Q2,2022Q1,7.71855149,2.65902627222344,-0.153655924393925,5.52413633539059,-5.55784260782885
UC,2021Q2,2021Q3,2022Q2,8.2362932275,4.2551102187668,1.32945165144793,7.27034072708149,-3.88819713730506
UC,2021Q3,2021Q4,2022Q3,7.96621029,5.05754658768888,2.10204885235827,8.09269270996788,-2.80737072969779
UC,2021Q4,2022Q1,2022Q4,6.8517657925,6.47734073161914,3.44061797483607,9.5905327164385,-1.56817238415005
UC,2022Q1,2022Q2,2023Q1,5.57170678,7.42934716793843,4.37039530149782,10.5595234740811,-2.01900518813199
UC,2022Q2,2022Q3,2023Q2,3.96430864,8.1713789540985,5.14131384170027,11.2560012861896,-4.14389194636265
UC,2022Q3,2022Q4,2023Q3,3.503938185,6.94723137040065,3.95750351881984,9.94513560450937,-3.32146187057927
UC,2022Q4,2023Q1,2023Q4,3.18231896,5.8524051920907,2.84562014440402,8.83215844935273,-2.60901662627847
UC,2023Q1,2023Q2,2024Q1,3.19284311,4.96757575034929,1.93547001676683,7.9533256884007,-2.01274626952587
UC,2023Q2,2023Q3,2024Q2,3.141650205,4.10283858706622,1.01339488058222,7.13947917914759,-1.68301993256078
UC,2023Q3,2023Q4,2024Q3,2.62291084,3.81521290939573,0.747823049452346,6.84457248284016,-1.75179962650703
UC,2023Q4,2024Q1,2024Q4,2.68674916,3.44235214187254,0.365490118584126,6.47273416871294,-1.62446528864853
UC,2024Q1,2024Q2,2025Q1,2.687539325,3.54595055313028,0.502934098674009,6.57210660045452,-1.64018526728033
UC,2024Q2,2024Q3,2025Q2,2.43123167,3.18441611620791,0.152348451960866,6.19447257337175,-1.61059714085729
UC,2024Q3,2024Q4,2025Q3,2.860135085,2.40716280061086,-0.659258027693304,5.43296690995351,-1.55602028595776
UC-SVgap,1999Q4,2000Q1,2000Q4,3.38553734,2.85192418035638,1.31835976483233,4.39794684138744,-1.00744854354731
UC-SVgap,2000Q1,2000Q2,2001Q1,3.3529152325,3.52868659704341,1.9388705203702,5.13229424789563,-0.858122714123796
UC-SVgap,2000Q2,2000Q3,2001Q2,3.270828055,3.23503574041369,1.71527717159515,4.75380079733151,-0.787186595333397
UC-SVgap,2000Q3,2000Q4,2001Q3,2.642990615,3.50746438693351,2.0095321428638,5.0164872454106,-1.30629717227413
UC-SVgap,2000Q4,2001Q1,2001Q4,1.8575211875,3.05434240997467,1.58932705100358,4.50928436635224,-1.79718832383588
UC-SVgap,2001Q1,2001Q2,2002Q1,1.2242360275,3.55458884123644,2.06834500622488,5.05194939048774,-4.02486414734501
UC-SVgap,2001Q2,2001Q3,2002Q2,1.3086745,3.05735817131353,1.57456959581449,4.5240324356865,-2.76902273138498
UC-SVgap,2001Q3,2001Q4,2002Q3,1.56398645,1.9299432395615,0.174906191196646,3.67293225342061,-1.02661021627666
UC-SVgap,2001Q4,2002Q1,2002Q4,2.22850448,0.505660574779061,-1.46583366665368,2.59172475864888,-2.17880335903234
UC-SVgap,2002Q1,2002Q2,2003Q1,2.93297792,1.10950618506334,-0.699439622025351,2.92675354953241,-2.44057520691668
UC-SVgap,2002Q2,2002Q3,2003Q2,1.986089555,2.23814826464114,0.281959131073572,4.18776369907139,-1.08290834132592
UC-SVgap,2002Q3,2002Q4,2003Q3,2.1926696075,2.15289641293987,0.29698529763493,3.99899856357649,-0.997039203767389
UC-SVgap,2002Q4,2003Q1,2003Q4,1.9820632475,2.26171732793762,0.451619740430544,4.07171882358315,-1.0125940808207
UC-SVgap,2003Q1,2003Q2,2004Q1,1.8015259325,3.21788063150017,1.24331148706563,5.17675863304872,-1.84767665120775
UC-SVgap,2003Q2,2003Q3,2004Q2,2.74777097,1.71136357893177,-0.586717439569362,4.03004971815496,-1.54252962928539
UC-SVgap,2003Q3,2003Q4,2004Q3,2.6397109675,2.14476791169282,-0.118951341258316,4.40244259597619,-1.2618847854942
UC-SVgap,2003Q4,2004Q1,2004Q4,3.3289192825,1.93181789344833,-0.253053217240496,4.12158748391815,-1.80947170689925
UC-SVgap,2004Q1,2004Q2,2005Q1,2.99002225,2.41075543591929,0.233735947624909,4.55321802974134,-1.24826699732373
UC-SVgap,2004Q2,2004Q3,2005Q2,2.881037325,2.65451866248395,0.552398029189552,4.72851866990669,-1.11463920950779
UC-SVgap,2004Q3,2004Q4,2005Q3,3.74860368,2.6235504245945,0.605968593707173,4.63374635758638,-1.57691036056438
UC-SVgap,2004Q4,2005Q1,2005Q4,3.608771245,3.24092394999776,1.11822136702645,5.31954204870329,-1.15195819003849
UC-SVgap,2005Q1,2005Q2,2006Q1,3.6243864925,2.73560967362242,0.740908259199147,4.73095014590709,-1.38631943704216
UC-SVgap,2005Q2,2005Q3,2006Q2,3.84922604,2.72598193219701,0.799623478383726,4.65999275207951,-1.58683107023326
UC-SVgap,2005Q3,2005Q4,2006Q3,3.2855452525,3.66832948504227,1.33541718351736,5.96006532267757,-1.25995041052953
UC-SVgap,2005Q4,2006Q1,2006Q4,1.94633109,3.70793032927926,1.46464984999055,5.91918722564141,-2.16518905289384
UC-SVgap,2006Q1,2006Q2,2007Q1,2.4025571325,3.16218167737968,0.97980456988289,5.37375010134524,-1.34265250747324
UC-SVgap,2006Q2,2006Q3,2007Q2,2.6303865225,3.30229146485629,1.21010485302637,5.39489461716814,-1.27360754387699
UC-SVgap,2006Q3,2006Q4,2007Q3,2.32181072,3.46825623528249,1.47045959754532,5.45799069434035,-1.6060643698726
UC-SVgap,2006Q4,2007Q1,2007Q4,3.952006005,2.3154429900731,-0.453099925441115,5.13965202121121,-1.97157988944262
UC-SVgap,2007Q1,2007Q2,2008Q1,4.0537494125,2.7040407803425,0.0135980710618892,5.40455662217884,-1.7773470685052
UC-SVgap,2007Q2,2007Q3,2008Q2,4.2201087775,3.11120131213566,0.449899776464187,5.73786894086787,-1.61910382760614
UC-SVgap,2007Q3,2007Q4,2008Q3,5.1192057675,2.98787363756491,0.42737471360057,5.54162481872366,-2.41135043478691
UC-SVgap,2007Q4,2008Q1,2008Q4,1.5832037325,3.43154263419094,0.859024880158625,5.94787699341254,-2.17351157285755
UC-SVgap,2008Q1,2008Q2,2009Q1,-0.18440671,3.65872175702737,1.21894274252978,6.02534478627327,-4.50017880744612
UC-SVgap,2008Q2,2008Q3,2009Q2,-0.946606255,4.10027115853677,1.67679803640469,6.4216068743987,-6.04300346253155
UC-SVgap,2008Q3,2008Q4,2009Q3,-1.62000756,4.71117251456513,2.23732851580403,7.03914115067286,-7.42655385749389
UC-SVgap,2008Q4,2009Q1,2009Q4,1.47669931,2.81286095821973,-2.18704725361349,7.8877217439689,-2.07569797767284
UC-SVgap,2009Q1,2009Q2,2010Q1,2.3253236,2.36302633317594,-2.76796224631444,7.66874777592427,-1.98879288392226
UC-SVgap,2009Q2,2009Q3,2010Q2,1.759699635,2.31158935146536,-2.49775787124259,7.25255883798654,-1.9296022302497
UC-SVgap,2009Q3,2009Q4,2010Q3,1.1957044675,2.43592048885709,-2.12956974234465,7.04440882191236,-1.98250811236289
UC-SVgap,2009Q4,2010Q1,2010Q4,1.2222834875,2.4843963163698,-1.81145988987001,6.78203049220311,-1.95112549801656
UC-SVgap,2010Q1,2010Q2,2011Q1,2.12546869,2.23183812131184,-1.74581824401158,6.27841025687218,-1.69990349202083
UC-SVgap,2010Q2,2010Q3,2011Q2,3.29134256,1.85536386860136,-1.9365231556717,5.8049968993168,-1.9778244533458
UC-SVgap,2010Q3,2010Q4,2011Q3,3.6485737425,1.71562812258973,-1.67119745821852,5.24350922347586,-2.19757773683854
UC-SVgap,2010Q4,2011Q1,2011Q4,3.29000849,1.99582816664872,-1.27638275541422,5.29689494120872,-1.81931150823659
UC-SVgap,2011Q1,2011Q2,2012Q1,2.790037305,2.42780617569294,-0.797545656883795,5.5566404479468,-1.48963461856594
UC-SVgap,2011Q2,2011Q3,2012Q2,1.870318295,2.87231553765649,-0.310342913866401,5.85598370231922,-1.71014546007008
UC-SVgap,2011Q3,2011Q4,2012Q3,1.67082339,2.80418822300627,-0.0270248709603113,5.52213354355124,-1.70816469057486
UC-SVgap,2011Q4,2012Q1,2012Q4,1.88567667,2.56966466831753,-0.0727978401958494,5.19299100677387,-1.42359939608482
UC-SVgap,2012Q1,2012Q2,2013Q1,1.725233765,2.50304983283733,0.164358684165755,4.86732531206369,-1.38105998714132
UC-SVgap,2012Q2,2012Q3,2013Q2,1.404809445,2.05005086405869,-0.273822449212418,4.47091563022976,-1.30346112360849
UC-SVgap,2012Q3,2012Q4,2013Q3,1.4937413525,1.9680393065661,-0.149129578301651,4.14610556883866,-1.16677291058398
UC-SVgap,2012Q4,2013Q1,2013Q4,1.2000751225,2.18426061104839,0.195686068986674,4.17063773436343,-1.47480336539537
UC-SVgap,2013Q1,2013Q2,2014Q1,1.4197812,1.98171430996234,0.134691596532056,3.8621589651815,-1.10958019011624
UC-SVgap,2013Q2,2013Q3,2014Q2,2.05899997,1.31502763853213,-0.818838000739883,3.54541328635355,-1.37128545594049
UC-SVgap,2013Q3,2013Q4,2014Q3,1.7751212225,1.61492471732921,-0.393162549356949,3.64732549762582,-1.05638105153329
UC-SVgap,2013Q4,2014Q1,2014Q4,1.15728322,1.56279653881381,-0.311531406305052,3.44947295664127,-1.05222921681568
UC-SVgap,2014Q1,2014Q2,2015Q1,-0.1129569325,1.87318366092653,-0.00793075139009379,3.72846778159143,-2.71317454947715
UC-SVgap,2014Q2,2014Q3,2015Q2,0.0370032474999999,1.95958688682812,0.237314294984401,3.65352187631867,-2.81032142839609
UC-SVgap,2014Q3,2014Q4,2015Q3,0.15848531,1.61092442094125,-0.0469785112823714,3.28619194782386,-2.09277064625889
UC-SVgap,2014Q4,2015Q1,2015Q4,0.3996702375,0.879115077167654,-1.17079495932291,2.97387640754629,-1.17239879950808
UC-SVgap,2015Q1,2015Q2,2016Q1,0.98694863,0.00440173671930502,-2.55208749778057,2.6591003310147,-1.58958387538138
UC-SVgap,2015Q2,2015Q3,2016Q2,1.10391699,0.955038055866128,-1.54314596830815,3.45649262633273,-1.2676128083236
UC-SVgap,2015Q3,2015Q4,2016Q3,1.1505038125,1.07902438184303,-1.27560201694041,3.41597825061792,-1.19601638221792
UC-SVgap,2015Q4,2016Q1,2016Q4,1.7908480125,0.780740382001767,-1.52807169846003,3.10941074272506,-1.53309130693978
UC-SVgap,2016Q1,2016Q2,2017Q1,2.554230555,0.52925539745165,-1.67114142451464,2.78570785932839,-2.49717823730171
UC-SVgap,2016Q2,2016Q3,2017Q2,1.872938725,1.17341349714812,-1.22503458385549,3.52308995782384,-1.35089163335533
UC-SVgap,2016Q3,2016Q4,2017Q3,1.9262671075,1.30863529131414,-0.978279340614389,3.53757440498623,-1.27356221658361
UC-SVgap,2016Q4,2017Q1,2017Q4,2.085873845,1.64870500831168,-0.588343624190581,3.79844406409916,-1.18068179621305
UC-SVgap,2017Q1,2017Q2,2018Q1,2.223709235,1.99213061614723,-0.158356300862288,4.03722346561209,-1.08731059814577
UC-SVgap,2017Q2,2017Q3,2018Q2,2.6513328525,1.52673136036554,-0.584521110828369,3.6385521742844,-1.59275727799192
UC-SVgap,2017Q3,2017Q4,2018Q3,2.57546497,1.6289467397243,-0.336675423171076,3.5814303618328,-1.42646332264345
UC-SVgap,2017Q4,2018Q1,2018Q4,2.189375965,2.0693814634525,0.054572149867847,4.01712037481081,-1.02567363591833
UC-SVgap,2018Q1,2018Q2,2019Q1,1.616880545,2.48839564007743,0.497916045758609,4.40848159052674,-1.40370956838094
UC-SVgap,2018Q2,2018Q3,2019Q2,1.8059773525,2.37265271670139,0.559149673024995,4.15545436559983,-1.12346850412383
UC-SVgap,2018Q3,2018Q4,2019Q3,1.7342738725,2.09549945640196,0.336326058661491,3.86564796703126,-0.98133656112262
UC-SVgap,2018Q4,2019Q1,2019Q4,2.0278838825,1.92612937149778,0.333924818991663,3.54643419143641,-0.823820442902151
UC-SVgap,2019Q1,2019Q2,2020Q1,2.121112185,1.56965210806604,-0.0280966219511257,3.21134311519365,-1.06042408653698
UC-SVgap,2019Q2,2019Q3,2020Q2,0.4084409725,2.09936241368631,0.459632956054203,3.72556878646164,-2.49503141653191
UC-SVgap,2019Q3,2019Q4,2020Q3,1.215720955,1.81417505206717,0.240681030109152,3.40501265118406,-1.05231290323018
UC-SVgap,2019Q4,2020Q1,2020Q4,1.2346176775,2.16757585162087,0.564974418337499,3.75324095328965,-1.4136097133676
UC-SVgap,2020Q1,2020Q2,2021Q1,1.884879235,1.89758760305104,0.356942307428907,3.44612955458299,-0.783336884120363
UC-SVgap,2020Q2,2020Q3,2021Q2,4.6720938125,1.0864110746536,-1.61741039137823,3.85017407787982,-3.79849402823958
UC-SVgap,2020Q3,2020Q4,2021Q3,5.1164117325,1.69896776855281,-1.16696777606639,4.54665368508787,-3.53681796114113
UC-SVgap,2020Q4,2021Q1,2021Q4,6.552029305,1.86512061374368,-0.909344315074429,4.59592658669768,-5.05517815153286
UC-SVgap,2021Q1,2021Q2,2022Q1,7.71855149,2.21978946615892,-0.563596021143411,4.89864152618808,-6.0911921515619
UC-SVgap,2021Q2,2021Q3,2022Q2,8.2362932275,2.76014882603584,-0.640425686950945,5.99259602755158,-5.23228800866084
UC-SVgap,2021Q3,2021Q4,2022Q3,7.96621029,3.28192874119437,-0.292277255640554,6.61603111664736,-4.33794592682454
UC-SVgap,2021Q4,2022Q1,2022Q4,6.8517657925,3.88665653581791,-0.257409987845915,7.67771478876871,-2.54463107094194
UC-SVgap,2022Q1,2022Q2,2023Q1,5.57170678,4.71703073645035,0.140591236627308,8.73990636300425,-1.85918122933311
UC-SVgap,2022Q2,2022Q3,2023Q2,3.96430864,6.33043939033156,1.62335572974104,10.0510921359967,-2.50792860177332
UC-SVgap,2022Q3,2022Q4,2023Q3,3.503938185,5.58274586810339,1.40847994805827,9.15400078000052,-2.35309025432466
UC-SVgap,2022Q4,2023Q1,2023Q4,3.18231896,5.25531723167414,1.57662725497691,8.69957352091607,-2.28384768759588
UC-SVgap,2023Q1,2023Q2,2024Q1,3.19284311,4.88889288092004,1.60336321474235,8.16330365492009,-2.01261844222346
UC-SVgap,2023Q2,2023Q3,2024Q2,3.141650205,4.37809458267226,1.31612094366152,7.58081316303362,-1.72083039135865
UC-SVgap,2023Q3,2023Q4,2024Q3,2.62291084,4.1166899889944,1.33124389202494,7.08087028826619,-1.82478606854174
UC-SVgap,2023Q4,2024Q1,2024Q4,2.68674916,3.72376788002959,1.19116658804139,6.49287588090506,-1.5094819517074
UC-SVgap,2024Q1,2024Q2,2025Q1,2.687539325,3.65858556042945,1.3685044053228,6.08239579566572,-1.45690250543679
UC-SVgap,2024Q2,2024Q3,2025Q2,2.43123167,3.26149299214257,1.1521963866771,5.5048818856161,-1.32888524220698
UC-SVgap,2024Q3,2024Q4,2025Q3,2.860135085,2.5867927418327,0.373649995554824,4.98277443410505,-1.2355421650521
UCSV,1999Q4,2000Q1,2000Q4,3.38553734,2.72213016530884,1.35827102583179,4.158922464619,-1.14047307895694
UCSV,2000Q1,2000Q2,2001Q1,3.3529152325,3.37846870332624,1.8144868150893,5.04597141889074,-0.814814754529521
UCSV,2000Q2,2000Q3,2001Q2,3.270828055,3.17532928011305,1.74391606198114,4.62842104794299,-0.685164869164455
UCSV,2000Q3,2000Q4,2001Q3,2.642990615,3.43051067356416,2.05898496690573,4.8394691091498,-1.23756371403649
UCSV,2000Q4,2001Q1,2001Q4,1.8575211875,3.08274030059002,1.73296076441785,4.40378509862978,-2.07769623308258
UCSV,2001Q1,2001Q2,2002Q1,1.2242360275,3.47088303071284,2.16761854505457,4.81943077106779,-4.28513979396635
UCSV,2001Q2,2001Q3,2002Q2,1.3086745,3.10168826020806,1.80267418340646,4.36685037390879,-3.30185583519014
UCSV,2001Q3,2001Q4,2002Q3,1.56398645,2.04510107178339,0.0584686923321003,3.77511692620216,-1.19083567249545
UCSV,2001Q4,2002Q1,2002Q4,2.22850448,0.414270528003499,-2.16937970199305,2.87708581763562,-2.05139371204959
UCSV,2002Q1,2002Q2,2003Q1,2.93297792,1.15851037425342,-1.05047525291653,3.34456042427803,-2.25071271612738
UCSV,2002Q2,2002Q3,2003Q2,1.986089555,2.42662993451335,0.178348483446634,4.91100892169167,-1.17107248158813
UCSV,2002Q3,2002Q4,2003Q3,2.1926696075,2.18430705216114,0.0304219120255708,4.36094694652128,-1.02945092914124
UCSV,2002Q4,2003Q1,2003Q4,1.9820632475,2.28736584877551,0.201104463527523,4.41122385158662,-1.0489017925784
UCSV,2003Q1,2003Q2,2004Q1,1.8015259325,3.31508221459734,1.07736846450853,5.87688124451947,-1.82229873495037
UCSV,2003Q2,2003Q3,2004Q2,2.74777097,1.5093628160302,-1.58685098293623,3.95313311023508,-1.5193025985923
UCSV,2003Q3,2003Q4,2004Q3,2.6397109675,2.18768605684382,-0.100905562265358,4.49282324483579,-1.19841637762383
UCSV,2003Q4,2004Q1,2004Q4,3.3289192825,2.0054415796559,-0.0850012179250319,4.03198891002599,-1.79323962270542
UCSV,2004Q1,2004Q2,2005Q1,2.99002225,2.4301077493455,0.315838237491826,4.64513361139538,-1.23579822673692
UCSV,2004Q2,2004Q3,2005Q2,2.881037325,2.60162215741293,0.639367665107392,4.6402293426323,-1.0471771269645
UCSV,2004Q3,2004Q4,2005Q3,3.74860368,2.55760814574892,0.715969442894912,4.44168878012027,-1.75683130687862
UCSV,2004Q4,2005Q1,2005Q4,3.608771245,3.07140968898187,1.09071634324571,5.22222877613738,-1.22969821311277
UCSV,2005Q1,2005Q2,2006Q1,3.6243864925,2.67704199530129,0.81084124776395,4.55928384548096,-1.46306673549954
UCSV,2005Q2,2005Q3,2006Q2,3.84922604,2.68457889414204,0.967321098199677,4.4239457652807,-1.74104129377264
UCSV,2005Q3,2005Q4,2006Q3,3.2855452525,3.61780152555074,1.28366865121237,6.29779878179693,-1.20853232918055
UCSV,2005Q4,2006Q1,2006Q4,1.94633109,3.49932141601582,1.41313938368238,5.70198259571234,-1.97410085689991
UCSV,2006Q1,2006Q2,2007Q1,2.4025571325,3.05892763855423,1.0084995557257,5.13261649749783,-1.22906330856568
UCSV,2006Q2,2006Q3,2007Q2,2.6303865225,3.21285074184101,1.30958139097925,5.16099669793322,-1.13342755653132
UCSV,2006Q3,2006Q4,2007Q3,2.32181072,3.35117763399439,1.49691392983441,5.26327992517942,-1.50287018234224
UCSV,2006Q4,2007Q1,2007Q4,3.952006005,2.25741020513752,-0.774169174033954,4.91743321582783,-1.93402950139279
UCSV,2007Q1,2007Q2,2008Q1,4.0537494125,2.72501637043799,0.233124829389015,5.19622541269289,-1.76934739666808
UCSV,2007Q2,2007Q3,2008Q2,4.2201087775,3.05285221994144,0.604409283276622,5.54691666949239,-1.67563945398354
UCSV,2007Q3,2007Q4,2008Q3,5.1192057675,2.92332710360015,0.643452842715783,5.21776760650732,-2.68974815104965
UCSV,2007Q4,2008Q1,2008Q4,1.5832037325,3.29129836099324,0.969965660001934,5.68285805224845,-2.10136674506124
UCSV,2008Q1,2008Q2,2009Q1,-0.18440671,3.47809849615045,1.24326974886746,5.7816613216741,-4.61520763171949
UCSV,2008Q2,2008Q3,2009Q2,-0.946606255,3.89290093083026,1.58142371470304,6.29452410765837,-6.00970753140107
UCSV,2008Q3,2008Q4,2009Q3,-1.62000756,4.52032148275285,1.98001793535854,7.17621506891101,-7.2266700652397
UCSV,2008Q4,2009Q1,2009Q4,1.47669931,2.67111838824031,-2.14569320438564,7.3970338868611,-2.02241002020264
UCSV,2009Q1,2009Q2,2010Q1,2.3253236,2.17095260788994,-3.17540099966996,7.13353644925143,-1.91795977282782
UCSV,2009Q2,2009Q3,2010Q2,1.759699635,2.35210577664365,-2.28926950786019,6.93224602201714,-1.88417813016668
UCSV,2009Q3,2009Q4,2010Q3,1.1957044675,2.51618074357041,-1.75056194523779,6.73542505140326,-1.96459926986482
UCSV,2009Q4,2010Q1,2010Q4,1.2222834875,2.56360981722199,-1.51275055347738,6.58993109515188,-1.9456703215888
UCSV,2010Q1,2010Q2,2011Q1,2.12546869,2.34066496188996,-1.6375823240687,6.25259221586208,-1.66624222966691
UCSV,2010Q2,2010Q3,2011Q2,3.29134256,2.13606938910426,-1.57877846965241,5.83010075688868,-1.81063660084125
UCSV,2010Q3,2010Q4,2011Q3,3.6485737425,1.98923946013219,-1.50968665482616,5.45833312626936,-2.00830428778317
UCSV,2010Q4,2011Q1,2011Q4,3.29000849,2.15439460388718,-1.11761769859005,5.39820561196149,-1.72871447952672
UCSV,2011Q1,2011Q2,2012Q1,2.790037305,2.48015333835547,-0.578352127452992,5.50688209946379,-1.40946358221163
UCSV,2011Q2,2011Q3,2012Q2,1.870318295,2.78342110426105,-0.211570123071527,5.77238256482739,-1.59552170284457
UCSV,2011Q3,2011Q4,2012Q3,1.67082339,2.73093885340776,-0.0582772270726979,5.48869648797686,-1.6424228135692
UCSV,2011Q4,2012Q1,2012Q4,1.88567667,2.57851413054559,0.119066983982457,5.00310838384873,-1.37002103193064
UCSV,2012Q1,2012Q2,2013Q1,1.725233765,2.5340292099627,0.266765265916307,4.79062092436933,-1.39467194440579
UCSV,2012Q2,2012Q3,2013Q2,1.404809445,2.18986062208789,-0.160220406092079,4.49794695060993,-1.4000158569759
UCSV,2012Q3,2012Q4,2013Q3,1.4937413525,2.14321218301084,0.0568039767154728,4.22378691191987,-1.23947692957108
UCSV,2012Q4,2013Q1,2013Q4,1.2000751225,2.25175053455602,0.380338844069419,4.1160562658549,-1.58920326612205
UCSV,2013Q1,2013Q2,2014Q1,1.4197812,2.1001432803851,0.312309152002906,3.86853506269371,-1.2007782084091
UCSV,2013Q2,2013Q3,2014Q2,2.05899997,1.59612641703196,-0.642121725699031,3.74768710789713,-1.16033494101302
UCSV,2013Q3,2013Q4,2014Q3,1.7751212225,1.80704984492783,-0.172191635297248,3.74271440631522,-0.970030622585197
UCSV,2013Q4,2014Q1,2014Q4,1.15728322,1.6893851707666,-0.135865470915978,3.50199315017081,-1.08365672745325
UCSV,2014Q1,2014Q2,2015Q1,-0.1129569325,1.91775277875673,0.264437848331048,3.56536269123192,-3.11796768932965
UCSV,2014Q2,2014Q3,2015Q2,0.0370032474999999,1.96821831554871,0.400123398308552,3.54399378636182,-3.09242098572506
UCSV,2014Q3,2014Q4,2015Q3,0.15848531,1.72785893110184,0.182830613029169,3.24020647920213,-2.50747512863462
UCSV,2014Q4,2015Q1,2015Q4,0.3996702375,1.06342844508149,-1.24019651107165,3.13757434035473,-1.36959888444708
UCSV,2015Q1,2015Q2,2016Q1,0.98694863,-0.197939199568758,-3.57834675624636,2.81742549593057,-1.64442802495534
UCSV,2015Q2,2015Q3,2016Q2,1.10391699,1.17031911033642,-1.35044175305515,3.61326589390971,-1.23325505295209
UCSV,2015Q3,2015Q4,2016Q3,1.1505038125,1.27148843063222,-1.01549262783385,3.50500241939851,-1.14099487686384
UCSV,2015Q4,2016Q1,2016Q4,1.7908480125,0.99613327968439,-1.30604207121204,3.23247980947791,-1.35263093600681
UCSV,2016Q1,2016Q2,2017Q1,2.554230555,0.733333681934116,-1.5410802203701,2.95634599122151,-2.27355811958488
UCSV,2016Q2,2016Q3,2017Q2,1.872938725,1.31174682291871,-0.886183394950978,3.50820942813937,-1.22669599299036
UCSV,2016Q3,2016Q4,2017Q3,1.9262671075,1.36560091189594,-0.791708064798532,3.49715734013574,-1.19453251557523
UCSV,2016Q4,2017Q1,2017Q4,2.085873845,1.60872098741175,-0.461158536412783,3.69551831785182,-1.13668489460452
UCSV,2017Q1,2017Q2,2018Q1,2.223709235,1.86076025801583,-0.156775247389433,3.91832826325263,-1.07817312602068
UCSV,2017Q2,2017Q3,2018Q2,2.6513328525,1.50734235580227,-0.492989565462825,3.48330557724621,-1.64387928033095
UCSV,2017Q3,2017Q4,2018Q3,2.57546497,1.61515171439908,-0.190927322954143,3.41530819472992,-1.47144753220559
UCSV,2017Q4,2018Q1,2018Q4,2.189375965,1.934740362928,0.10747568766404,3.78603643056954,-0.951973271521648
UCSV,2018Q1,2018Q2,2019Q1,1.616880545,2.25736964156124,0.35337671783178,4.23698666648203,-1.16341187633148
UCSV,2018Q2,2018Q3,2019Q2,1.8059773525,2.19848909246345,0.488688920729555,3.91951312593534,-0.942378926815686
UCSV,2018Q3,2018Q4,2019Q3,1.7342738725,2.03826094174921,0.407961309221366,3.66897776412523,-0.84752079837332
UCSV,2018Q4,2019Q1,2019Q4,2.0278838825,1.92661731223567,0.440381618917163,3.40298237304752,-0.664943607430328
UCSV,2019Q1,2019Q2,2020Q1,2.121112185,1.68351147948964,0.144628565375128,3.1666425054771,-0.853889336154246
UCSV,2019Q2,2019Q3,2020Q2,0.4084409725,2.02958141452879,0.581665895080651,3.51243324482031,-2.67992094765192
UCSV,2019Q3,2019Q4,2020Q3,1.215720955,1.84648231484936,0.454583059285418,3.22136092954386,-1.07570292002052
UCSV,2019Q4,2020Q1,2020Q4,1.2346176775,2.06855318201157,0.708825769721152,3.46267007018069,-1.3386002919191
UCSV,2020Q1,2020Q2,2021Q1,1.884879235,1.91480105266199,0.602823308101165,3.22663766729196,-0.551690215777043
UCSV,2020Q2,2020Q3,2021Q2,4.6720938125,1.21946616757049,-1.62716232144759,3.77767482518954,-3.87731194569972
UCSV,2020Q3,2020Q4,2021Q3,5.1164117325,1.72754989214254,-0.856426207122608,4.28489298809969,-3.81231329145073
UCSV,2020Q4,2021Q1,2021Q4,6.552029305,1.85152663471089,-0.582431585749334,4.27993691228299,-5.4885575868754
UCSV,2021Q1,2021Q2,2022Q1,7.71855149,2.10640476149966,-0.388686203898496,4.63903480623103,-6.24234568421412
UCSV,2021Q2,2021Q3,2022Q2,8.2362932275,2.48028692299646,-0.64234760221445,5.73182742900199,-5.26538824921694
UCSV,2021Q3,2021Q4,2022Q3,7.96621029,3.24613058534496,-0.364287667403646,7.18408430399789,-3.87244075805958
UCSV,2021Q4,2022Q1,2022Q4,6.8517657925,4.6303561647429,-0.081077753434288,9.62143421516225,-2.32223075322419
UCSV,2022Q1,2022Q2,2023Q1,5.57170678,6.29728929729961,0.958711724006053,11.0737835411099,-2.12356253185956
UCSV,2022Q2,2022Q3,2023Q2,3.96430864,7.89598082567483,2.54725172689803,12.363606101492,-3.21031765097863
UCSV,2022Q3,2022Q4,2023Q3,3.503938185,6.3582836566348,1.90800274505459,10.4761075770201,-2.65790332787003
UCSV,2022Q4,2023Q1,2023Q4,3.18231896,5.39590496264189,1.07265262607647,9.50244060208744,-2.33779745115183
UCSV,2023Q1,2023Q2,2024Q1,3.19284311,4.5860406019286,0.34202387786434,8.64174443733731,-1.99882913959483
UCSV,2023Q2,2023Q3,2024Q2,3.141650205,3.78409672358341,-0.327437960921156,7.72440238709076,-1.77565890302735
UCSV,2023Q3,2023Q4,2024Q3,2.62291084,3.61877033275491,-0.241784806337135,7.39863629698504,-1.79979716951635
UCSV,2023Q4,2024Q1,2024Q4,2.68674916,3.21104770153155,-0.400843920646199,6.78241194186899,-1.61594789733126
UCSV,2024Q1,2024Q2,2025Q1,2.687539325,3.50496264607316,0.233513758785165,6.79387057732998,-1.59951410154599
UCSV,2024Q2,2024Q3,2025Q2,2.43123167,3.00287765491206,-0.0876069755977316,6.05022192322981,-1.47895841104154
UCSV,2024Q3,2024Q4,2025Q3,2.860135085,1.96722469060255,-1.25226220147117,5.07397796358243,-1.59000078765207
UC-MA,1999Q4,2000Q1,2000Q4,3.38553734,2.50188300171038,1.12043229446258,3.82458393655993,-1.33461449806633
UC-MA,2000Q1,2000Q2,2001Q1,3.3529152325,2.88689267521244,1.35138460173151,4.32322760191987,-0.872213322941839
UC-MA,2000Q2,2000Q3,2001Q2,3.270828055,2.7057987840386,1.26925975970949,4.06683518877243,-0.923251292793715
UC-MA,2000Q3,2000Q4,2001Q3,2.642990615,3.11245049643815,1.64017235211952,4.48097869609925,-0.95506083280625
UC-MA,2000Q4,2001Q1,2001Q4,1.8575211875,2.77434907507565,1.34495333352019,4.15029467415624,-1.44629469340942
UC-MA,2001Q1,2001Q2,2002Q1,1.2242360275,3.28215119449058,1.77703075419152,4.70269311230215,-3.39205576965461
UC-MA,2001Q2,2001Q3,2002Q2,1.3086745,2.82870927377683,1.33073427971263,4.29165146267682,-2.37549827899866
UC-MA,2001Q3,2001Q4,2002Q3,1.56398645,2.41913096765052,0.825734873994854,4.05108839889888,-1.28753790288068
UC-MA,2001Q4,2002Q1,2002Q4,2.22850448,1.95932266787505,0.0819022226226993,3.92006851819628,-1.06353506972935
UC-MA,2002Q1,2002Q2,2003Q1,2.93297792,2.22771142331869,0.437631387739095,4.0886604127512,-1.24900147633024
UC-MA,2002Q2,2002Q3,2003Q2,1.986089555,2.48791944022578,0.699582755618,4.2874603073798,-1.07070820754026
UC-MA,2002Q3,2002Q4,2003Q3,2.1926696075,2.18840917627145,0.484082672864304,3.92527065710236,-0.88795436132831
UC-MA,2002Q4,2003Q1,2003Q4,1.9820632475,2.38566756452976,0.745551893154584,4.03176946377299,-0.948094598842851
UC-MA,2003Q1,2003Q2,2004Q1,1.8015259325,2.84637274725251,1.02528119267745,4.61249773431385,-1.54217779894985
UC-MA,2003Q2,2003Q3,2004Q2,2.74777097,1.64722944667802,-0.835712228707846,4.16802067853671,-1.61964573479282
UC-MA,2003Q3,2003Q4,2004Q3,2.6397109675,2.76180255438619,0.128878914682654,5.39820004714116,-1.31403396942258
UC-MA,2003Q4,2004Q1,2004Q4,3.3289192825,1.95870284622941,-0.679864492107113,4.61461740604871,-1.79838487853941
UC-MA,2004Q1,2004Q2,2005Q1,2.99002225,2.67820772866454,0.0103142185722788,5.35267733701525,-1.34042941609043
UC-MA,2004Q2,2004Q3,2005Q2,2.881037325,2.38717461887161,-0.14797560415471,4.88045055322812,-1.31622142552797
UC-MA,2004Q3,2004Q4,2005Q3,3.74860368,2.47000866047331,0.0995800663974317,4.816852383289,-1.72130885426646
UC-MA,2004Q4,2005Q1,2005Q4,3.608771245,2.87497700183275,0.463824603115085,5.20238187382978,-1.34537516401181
UC-MA,2005Q1,2005Q2,2006Q1,3.6243864925,2.3452248029962,0.0093606293172518,4.65716710032862,-1.71651478896369
UC-MA,2005Q2,2005Q3,2006Q2,3.84922604,2.69367453072457,0.448096436926753,4.90581143235359,-1.61226340869448
UC-MA,2005Q3,2005Q4,2006Q3,3.2855452525,3.29280536988293,0.650322668915457,5.83229013531972,-1.29255578660759
UC-MA,2005Q4,2006Q1,2006Q4,1.94633109,2.84624428260172,0.366690534479293,5.25495508539927,-1.50629800578229
UC-MA,2006Q1,2006Q2,2007Q1,2.4025571325,2.77432115079942,0.440111071111428,5.07217976229506,-1.23007478637032
UC-MA,2006Q2,2006Q3,2007Q2,2.6303865225,3.11382829593275,0.858858121819095,5.30472040779413,-1.2382267318267
UC-MA,2006Q3,2006Q4,2007Q3,2.32181072,3.11416489344688,1.00651344206818,5.14906455170407,-1.36719322273418
UC-MA,2006Q4,2007Q1,2007Q4,3.952006005,1.97562307390228,-0.987307014436176,4.97437001800034,-2.19945617675714
UC-MA,2007Q1,2007Q2,2008Q1,4.0537494125,3.20745729741429,0.0103945516605487,6.39313141269777,-1.62563744411484
UC-MA,2007Q2,2007Q3,2008Q2,4.2201087775,2.87425691037607,-0.133053561162433,5.83870365702567,-1.78807740773096
UC-MA,2007Q3,2007Q4,2008Q3,5.1192057675,2.7828766481971,-0.0370603668546868,5.58792437021035,-2.53939710186868
UC-MA,2007Q4,2008Q1,2008Q4,1.5832037325,3.2961182809053,0.42292637438228,6.09862379920773,-2.05211277511348
UC-MA,2008Q1,2008Q2,2009Q1,-0.18440671,3.1699942405334,0.501654357225157,5.7566443272638,-3.65768965849548
UC-MA,2008Q2,2008Q3,2009Q2,-0.946606255,3.59516492544532,0.881094641265258,6.17522050848247,-4.86474107473599
UC-MA,2008Q3,2008Q4,2009Q3,-1.62000756,3.88818593568213,1.17783644042982,6.41332008627412,-5.89368213777983
UC-MA,2008Q4,2009Q1,2009Q4,1.47669931,1.22278263367719,-4.58336215691031,7.02459353476028,-2.08924167011142
UC-MA,2009Q1,2009Q2,2010Q1,2.3253236,2.83045128052974,-2.57059741553804,8.27501096453006,-2.01612287161254
UC-MA,2009Q2,2009Q3,2010Q2,1.759699635,2.57398962683612,-2.40900170995385,7.573637858123,-1.96541598850734
UC-MA,2009Q3,2009Q4,2010Q3,1.1957044675,2.87639794090752,-1.71525169373396,7.47270901076313,-2.10767600296819
UC-MA,2009Q4,2010Q1,2010Q4,1.2222834875,2.72793441041875,-1.44456578793533,6.89183239036771,-2.0044776596385
UC-MA,2010Q1,2010Q2,2011Q1,2.12546869,2.35367364994928,-1.5501787487701,6.33226523386236,-1.66131146226509
UC-MA,2010Q2,2010Q3,2011Q2,3.29134256,2.17739894945099,-1.41331197993606,5.90292375168909,-1.82891157088482
UC-MA,2010Q3,2010Q4,2011Q3,3.6485737425,2.24596246588637,-1.01064135206821,5.66118655071903,-1.92340105432506
UC-MA,2010Q4,2011Q1,2011Q4,3.29000849,2.52813132745454,-0.469673001553116,5.58205355994324,-1.55271637757936
UC-MA,2011Q1,2011Q2,2012Q1,2.790037305,2.75131994294046,-0.1448821942268,5.60748828240653,-1.35594903249762
UC-MA,2011Q2,2011Q3,2012Q2,1.870318295,2.95393589911906,0.148481995442514,5.63574127822892,-1.67910144729991
UC-MA,2011Q3,2011Q4,2012Q3,1.67082339,2.63042040944057,0.0798706666433731,5.13448130925902,-1.54687240811757
UC-MA,2011Q4,2012Q1,2012Q4,1.88567667,2.54872906938314,0.240732928429379,4.86913276617594,-1.31024850303949
UC-MA,2012Q1,2012Q2,2013Q1,1.725233765,2.56093748991312,0.458445196806426,4.67900800774306,-1.36668770009745
UC-MA,2012Q2,2012Q3,2013Q2,1.404809445,2.10517953120365,-0.0372815293366317,4.33989433539722,-1.26523822793258
UC-MA,2012Q3,2012Q4,2013Q3,1.4937413525,2.30808170215177,0.327956782945072,4.35664308991506,-1.30612211836638
UC-MA,2012Q4,2013Q1,2013Q4,1.2000751225,2.36039353862108,0.506071245701767,4.24751326530166,-1.65103171025658
UC-MA,2013Q1,2013Q2,2014Q1,1.4197812,2.05331120791967,0.291176911248521,3.88968052224374,-1.11316520665022
UC-MA,2013Q2,2013Q3,2014Q2,2.05899997,1.58842512823808,-0.456990198985239,3.76356554590427,-1.21281172233197
UC-MA,2013Q3,2013Q4,2014Q3,1.7751212225,2.17341661546768,0.073095364320944,4.32257398865705,-1.14036847737832
UC-MA,2013Q4,2014Q1,2014Q4,1.15728322,1.73530515676601,-0.266873106567372,3.81104982507619,-1.17091378595015
UC-MA,2014Q1,2014Q2,2015Q1,-0.1129569325,2.13965482633343,0.130800291443789,4.16375905093747,-2.97668882456309
UC-MA,2014Q2,2014Q3,2015Q2,0.0370032474999999,1.92998561383458,0.0517327300336561,3.82138423482419,-2.6009360222262
UC-MA,2014Q3,2014Q4,2015Q3,0.15848531,1.72360596123057,-0.0618832750987587,3.57159881149727,-2.17532677352837
UC-MA,2014Q4,2015Q1,2015Q4,0.3996702375,1.20298432368513,-0.898564587108711,3.41292985831787,-1.31673458250805
UC-MA,2015Q1,2015Q2,2016Q1,0.98694863,0.857209235002954,-1.57066172033192,3.44803355456979,-1.28167608665572
UC-MA,2015Q2,2015Q3,2016Q2,1.10391699,1.8863793127847,-0.841367525261251,4.65149147509402,-1.4878302430385
UC-MA,2015Q3,2015Q4,2016Q3,1.1505038125,1.31235496361927,-1.27530935430719,3.95932116547612,-1.29430787790613
UC-MA,2015Q4,2016Q1,2016Q4,1.7908480125,1.20750637227398,-1.25932421244776,3.77249899443792,-1.38146151982101
UC-MA,2016Q1,2016Q2,2017Q1,2.554230555,0.971382914868976,-1.33427180085166,3.3942739654,-2.02906877863465
UC-MA,2016Q2,2016Q3,2017Q2,1.872938725,1.73071065997005,-0.871776968334212,4.33702145470371,-1.292416857355
UC-MA,2016Q3,2016Q4,2017Q3,1.9262671075,1.28969770263172,-1.17785148334978,3.77509835935199,-1.36482130093394
UC-MA,2016Q4,2017Q1,2017Q4,2.085873845,1.73086259724443,-0.684093906253963,4.11233386395721,-1.23524909364454
UC-MA,2017Q1,2017Q2,2018Q1,2.223709235,1.76283118706633,-0.533143467182705,3.98768097059927,-1.19938086666544
UC-MA,2017Q2,2017Q3,2018Q2,2.6513328525,1.31422112269704,-0.948156688635385,3.58949068356372,-1.78755319531681
UC-MA,2017Q3,2017Q4,2018Q3,2.57546497,1.72608820728366,-0.480998899524064,3.90038217037238,-1.38300036711904
UC-MA,2017Q4,2018Q1,2018Q4,2.189375965,1.94854124082657,-0.194325605598663,4.00366891262254,-1.08027638623895
UC-MA,2018Q1,2018Q2,2019Q1,1.616880545,2.15118997302392,0.0452516370793874,4.13419541978923,-1.22265613995024
UC-MA,2018Q2,2018Q3,2019Q2,1.8059773525,1.98123382650682,0.0231759046493462,3.86049495070009,-1.00274289576582
UC-MA,2018Q3,2018Q4,2019Q3,1.7342738725,1.93671840434709,0.13052471228003,3.70946426700437,-0.932640178831138
UC-MA,2018Q4,2019Q1,2019Q4,2.0278838825,1.90241561541644,0.276154541097379,3.52686765830832,-0.812863506446014
UC-MA,2019Q1,2019Q2,2020Q1,2.121112185,1.66388789154488,0.0847743266471216,3.2984474296869,-0.986221389540529
UC-MA,2019Q2,2019Q3,2020Q2,0.4084409725,2.19575053966359,0.446333758531507,3.91729294220114,-2.57080827295821
UC-MA,2019Q3,2019Q4,2020Q3,1.215720955,1.68283302236374,-0.0985358696056279,3.48804396803172,-1.03909334683847
UC-MA,2019Q4,2020Q1,2020Q4,1.2346176775,2.20961725778672,0.336602796639309,4.04791386448286,-1.47091027950431
UC-MA,2020Q1,2020Q2,2021Q1,1.884879235,1.75294059733318,-0.0913819706435846,3.60349173205582,-0.960151637587857
UC-MA,2020Q2,2020Q3,2021Q2,4.6720938125,0.949105162070458,-1.93167168768976,3.89792472141379,-3.77009528613051
UC-MA,2020Q3,2020Q4,2021Q3,5.1164117325,2.41707871886206,-1.02881842048669,5.86497879306892,-2.63620173943618
UC-MA,2020Q4,2021Q1,2021Q4,6.552029305,1.68065840022176,-1.55353290169251,4.90870422457864,-4.573543871064
UC-MA,2021Q1,2021Q2,2022Q1,7.71855149,2.26413182822045,-0.984810334689692,5.46596762964041,-5.13777756118323
UC-MA,2021Q2,2021Q3,2022Q2,8.2362932275,2.63238194151511,-0.990947017719159,6.14594669991649,-4.92361099672897
UC-MA,2021Q3,2021Q4,2022Q3,7.96621029,2.64534150685304,-0.874840098795325,6.01641110161449,-4.83744731867142
UC-MA,2021Q4,2022Q1,2022Q4,6.8517657925,3.16255756415477,-0.880376106012049,7.02626163457782,-3.15860474341733
UC-MA,2022Q1,2022Q2,2023Q1,5.57170678,3.21879016014241,-0.945620573789055,7.16658497764921,-2.29808218824758
UC-MA,2022Q2,2022Q3,2023Q2,3.96430864,3.53876743566632,-0.935582383069675,7.7475037763405,-1.79245715503991
UC-MA,2022Q3,2022Q4,2023Q3,3.503938185,3.17109511252361,-0.871654613766217,7.00448406402242,-1.69306709848709
UC-MA,2022Q4,2023Q1,2023Q4,3.18231896,3.43471090678893,-0.250008022141018,6.89211289721321,-1.61118140502747
UC-MA,2023Q1,2023Q2,2024Q1,3.19284311,3.3660372455496,0.0300756831213837,6.51985263536813,-1.4986701435743
UC-MA,2023Q2,2023Q3,2024Q2,3.141650205,3.29466054929928,0.342213513161897,6.15444576927879,-1.37507856334317
UC-MA,2023Q3,2023Q4,2024Q3,2.62291084,3.42076098010983,0.774785340810662,5.99093517921075,-1.47813192962035
UC-MA,2023Q4,2024Q1,2024Q4,2.68674916,3.21300481472143,0.843414007592257,5.57857252052986,-1.25586979427578
UC-MA,2024Q1,2024Q2,2025Q1,2.687539325,3.46608533466852,1.31899151169349,5.58762558035148,-1.35028122602985
UC-MA,2024Q2,2024Q3,2025Q2,2.43123167,3.11072436193755,1.09524534199852,5.17434231582115,-1.22365080280406
UC-MA,2024Q3,2024Q4,2025Q3,2.860135085,2.74663335341079,0.71360118891469,4.9011401819877,-1.07276315301948
AR-trend-bound,1999Q4,2000Q1,2000Q4,3.38553734,2.57723312195516,1.34679173575534,3.83611191670755,-1.34314345056452
AR-trend-bound,2000Q1,2000Q2,2001Q1,3.3529152325,3.03800723627574,1.64022401285992,4.50188795708379,-0.80808068156431
AR-trend-bound,2000Q2,2000Q3,2001Q2,3.270828055,2.82191865408742,1.50762192585969,4.12809992492862,-0.810393695819386
AR-trend-bound,2000Q3,2000Q4,2001Q3,2.642990615,3.07375759939778,1.7562579985837,4.38423980648146,-0.81289688575175
AR-trend-bound,2000Q4,2001Q1,2001Q4,1.8575211875,2.8150303651264,1.59817118512614,3.98895628487085,-1.63479005755197
AR-trend-bound,2001Q1,2001Q2,2002Q1,1.2242360275,3.21213225386725,1.92181895520773,4.48786659431801,-3.73822774496099
AR-trend-bound,2001Q2,2001Q3,2002Q2,1.3086745,2.88278619749358,1.63195115545555,4.06874368216107,-2.91744159834664
AR-trend-bound,2001Q3,2001Q4,2002Q3,1.56398645,2.21451083454455,0.594859870925602,3.71791764975802,-1.16656569459253
AR-trend-bound,2001Q4,2002Q1,2002Q4,2.22850448,1.45423982754836,-0.661235292407114,3.40395618037443,-1.24142779569693
AR-trend-bound,2002Q1,2002Q2,2003Q1,2.93297792,2.00795813275719,0.205813541160712,3.79981876306369,-1.4028977603293
AR-trend-bound,2002Q2,2002Q3,2003Q2,1.986089555,2.69412507162096,0.901779657377743,4.55293018950716,-1.18101720485926
AR-trend-bound,2002Q3,2002Q4,2003Q3,2.1926696075,2.35769916100743,0.616036606422597,4.12453714216467,-0.87821026345216
AR-trend-bound,2002Q4,2003Q1,2003Q4,1.9820632475,2.43353653255685,0.812425824006053,4.07657187487053,-0.945347639697355
AR-trend-bound,2003Q1,2003Q2,2004Q1,1.8015259325,3.02885362246241,1.21784514338665,4.94487453945553,-1.70100590938929
AR-trend-bound,2003Q2,2003Q3,2004Q2,2.74777097,1.71217104969196,-0.895878948697763,4.10710145942474,-1.49226450066325
AR-trend-bound,2003Q3,2003Q4,2004Q3,2.6397109675,2.51388342799494,0.212484807497735,4.91721277962446,-1.15480809481816
AR-trend-bound,2003Q4,2004Q1,2004Q4,3.3289192825,2.19787203048125,-0.153606513117038,4.52096240399128,-1.63515143209543
AR-trend-bound,2004Q1,2004Q2,2005Q1,2.99002225,2.59151912400738,0.445162527025709,4.84598730138752,-1.16677983118769
AR-trend-bound,2004Q2,2004Q3,2005Q2,2.881037325,2.58659031761673,0.595919574080157,4.60673843233252,-1.03036744583975
AR-trend-bound,2004Q3,2004Q4,2005Q3,3.74860368,2.47770918648134,0.597001436210328,4.36057329496474,-1.82926789337811
AR-trend-bound,2004Q4,2005Q1,2005Q4,3.608771245,2.90183077342774,0.906329524091623,4.94191600122382,-1.27438506160454
AR-trend-bound,2005Q1,2005Q2,2006Q1,3.6243864925,2.48089741707757,0.568316045395655,4.3359561786003,-1.63025913043741
AR-trend-bound,2005Q2,2005Q3,2006Q2,3.84922604,2.5818824702492,0.824325296187006,4.3185710074797,-1.8557623368193
AR-trend-bound,2005Q3,2005Q4,2006Q3,3.2855452525,3.38215581341744,1.01682032055503,5.93402595808262,-1.19183924058146
AR-trend-bound,2005Q4,2006Q1,2006Q4,1.94633109,2.94204661699196,0.7385093922318,5.11532617893712,-1.52280587851132
AR-trend-bound,2006Q1,2006Q2,2007Q1,2.4025571325,2.67209136065702,0.533183265842133,4.72282755015107,-1.09647425633562
AR-trend-bound,2006Q2,2006Q3,2007Q2,2.6303865225,2.96544396545652,0.974485411913373,4.91246037220405,-1.05140572346553
AR-trend-bound,2006Q3,2006Q4,2007Q3,2.32181072,3.06359009337806,1.16380189493814,4.90544310843624,-1.28489304927541
AR-trend-bound,2006Q4,2007Q1,2007Q4,3.952006005,2.02683525871187,-0.974177698297702,4.77190434843989,-2.14490229976295
AR-trend-bound,2007Q1,2007Q2,2008Q1,4.0537494125,2.82382799486765,0.202667589467931,5.47432260243323,-1.72717609697445
AR-trend-bound,2007Q2,2007Q3,2008Q2,4.2201087775,2.96493872053813,0.369008882587049,5.5708772076311,-1.73531372590035
AR-trend-bound,2007Q3,2007Q4,2008Q3,5.1192057675,2.75009392972616,0.298028245324548,5.14133743066352,-2.82784205013039
AR-trend-bound,2007Q4,2008Q1,2008Q4,1.5832037325,3.10264292516284,0.652531204368493,5.54912802859464,-1.94928256070246
AR-trend-bound,2008Q1,2008Q2,2009Q1,-0.18440671,3.16636369637076,0.801284909078908,5.46904526868468,-4.0002927798738
AR-trend-bound,2008Q2,2008Q3,2009Q2,-0.946606255,3.36431317950825,0.966303958533607,5.68500832024349,-5.05265417519092
AR-trend-bound,2008Q3,2008Q4,2009Q3,-1.62000756,3.65589221575909,1.11432897554218,6.10569386700793,-5.88758070370521
AR-trend-bound,2008Q4,2009Q1,2009Q4,1.47669931,1.50952348765313,-4.54492992989268,6.92235485211965,-2.04292474012953
AR-trend-bound,2009Q1,2009Q2,2010Q1,2.3253236,2.04259336693179,-3.42900234082741,7.32787307651429,-1.9782098852793
AR-trend-bound,2009Q2,2009Q3,2010Q2,1.759699635,2.61041708886037,-2.46349131489269,7.68776985257254,-1.97016974426656
AR-trend-bound,2009Q3,2009Q4,2010Q3,1.1957044675,2.7586950394761,-2.05199636098309,7.61320216667422,-2.08283232457295
AR-trend-bound,2009Q4,2010Q1,2010Q4,1.2222834875,2.72203060725542,-1.66797107083055,7.13766925343961,-2.01862383996348
AR-trend-bound,2010Q1,2010Q2,2011Q1,2.12546869,2.39658240184495,-1.75114288011769,6.52094509285446,-1.69664760522233
AR-trend-bound,2010Q2,2010Q3,2011Q2,3.29134256,2.22263980761009,-1.8150774859278,6.24519168965421,-1.83215885929922
AR-trend-bound,2010Q3,2010Q4,2011Q3,3.6485737425,2.30827096651647,-1.24800283287055,5.9253495432416,-1.89182257757568
AR-trend-bound,2010Q4,2011Q1,2011Q4,3.29000849,2.55160481916568,-0.823290812683441,6.00461791323434,-1.62356757614605
AR-trend-bound,2011Q1,2011Q2,2012Q1,2.790037305,2.78673211471083,-0.411479808391734,6.04591876358201,-1.43760398731868
AR-trend-bound,2011Q2,2011Q3,2012Q2,1.870318295,2.96996192884152,-0.0776107510395322,6.02790520219131,-1.68908518319988
AR-trend-bound,2011Q3,2011Q4,2012Q3,1.67082339,2.66211340995506,-0.175872827104472,5.45693974711117,-1.60911615096781
AR-trend-bound,2011Q4,2012Q1,2012Q4,1.88567667,2.51374157229607,-0.0795152585050522,5.09169113676618,-1.36219039333144
AR-trend-bound,2012Q1,2012Q2,2013Q1,1.725233765,2.53918205869227,0.240795108514706,4.84225697918724,-1.39168020341494
AR-trend-bound,2012Q2,2012Q3,2013Q2,1.404809445,2.1995312436178,-0.095929494295475,4.51440815350215,-1.37023503796009
AR-trend-bound,2012Q3,2012Q4,2013Q3,1.4937413525,2.23189137004408,0.20590188886893,4.3500909726243,-1.23752972586143
AR-trend-bound,2012Q4,2013Q1,2013Q4,1.2000751225,2.45908769609994,0.558432004586492,4.4195836304874,-1.7920570132311
AR-trend-bound,2013Q1,2013Q2,2014Q1,1.4197812,2.18155425409465,0.408987967249268,4.01163588606035,-1.23046253159496
AR-trend-bound,2013Q2,2013Q3,2014Q2,2.05899997,1.6771976940868,-0.510757718461528,3.8932909066115,-1.15913516566034
AR-trend-bound,2013Q3,2013Q4,2014Q3,1.7751212225,2.16748152922885,0.153864493521798,4.28774407830853,-1.06477229315608
AR-trend-bound,2013Q4,2014Q1,2014Q4,1.15728322,1.99151097676704,0.112278983319261,3.96293722645254,-1.29732173007741
AR-trend-bound,2014Q1,2014Q2,2015Q1,-0.1129569325,2.16378846119598,0.404383596545144,3.99507051260682,-3.36849381714002
AR-trend-bound,2014Q2,2014Q3,2015Q2,0.0370032474999999,2.06536767393946,0.472731854536725,3.7211077925163,-3.21541547711061
AR-trend-bound,2014Q3,2014Q4,2015Q3,0.15848531,1.79490099375654,0.215367351160289,3.42098704028424,-2.55881582225483
AR-trend-bound,2014Q4,2015Q1,2015Q4,0.3996702375,1.34261156119602,-0.725804746415748,3.40288912887186,-1.45438760415997
AR-trend-bound,2015Q1,2015Q2,2016Q1,0.98694863,0.758242077719974,-2.11984301647128,3.49242987301841,-1.33420804352986
AR-trend-bound,2015Q2,2015Q3,2016Q2,1.10391699,1.92213067413151,-0.661778548060511,4.69149311400004,-1.42499407706362
AR-trend-bound,2015Q3,2015Q4,2016Q3,1.1505038125,1.69009352333355,-0.717447060725131,4.20546957341537,-1.2690960632777
AR-trend-bound,2015Q4,2016Q1,2016Q4,1.7908480125,1.39913867492465,-1.00847941633439,3.8822607356818,-1.26294740356672
AR-trend-bound,2016Q1,2016Q2,2017Q1,2.554230555,1.23690290560817,-1.05658387337065,3.63334955894422,-1.82332393850554
AR-trend-bound,2016Q2,2016Q3,2017Q2,1.872938725,1.8328981169752,-0.583015700723143,4.42307133274503,-1.22012354910695
AR-trend-bound,2016Q3,2016Q4,2017Q3,1.9262671075,1.61493824678188,-0.660817317963055,3.98424980434325,-1.18804234058264
AR-trend-bound,2016Q4,2017Q1,2017Q4,2.085873845,1.80778943363976,-0.362705280102054,4.08583001186043,-1.13876777550403
AR-trend-bound,2017Q1,2017Q2,2018Q1,2.223709235,1.9173689132835,-0.145281412235445,4.01377953568584,-1.07113921064743
AR-trend-bound,2017Q2,2017Q3,2018Q2,2.6513328525,1.48658349820041,-0.574862876360207,3.5549027015364,-1.66637520217746
AR-trend-bound,2017Q3,2017Q4,2018Q3,2.57546497,1.68476129962086,-0.218254738555516,3.61918232488725,-1.4112843789412
AR-trend-bound,2017Q4,2018Q1,2018Q4,2.189375965,2.01801687958513,0.0607320433202008,3.98759966961825,-0.991169657816367
AR-trend-bound,2018Q1,2018Q2,2019Q1,1.616880545,2.17345735655281,0.243934966770938,4.08115394538466,-1.1405834104124
AR-trend-bound,2018Q2,2018Q3,2019Q2,1.8059773525,2.01801602487779,0.219950642983198,3.76230989072607,-0.914053902741519
AR-trend-bound,2018Q3,2018Q4,2019Q3,1.7342738725,1.88532501447948,0.236772599550899,3.48008810371627,-0.811219225782563
AR-trend-bound,2018Q4,2019Q1,2019Q4,2.0278838825,1.86252638345279,0.332715111361466,3.35615158077342,-0.719458622868316
AR-trend-bound,2019Q1,2019Q2,2020Q1,2.121112185,1.68132889428621,0.218486416358735,3.13920621829507,-0.868754563475549
AR-trend-bound,2019Q2,2019Q3,2020Q2,0.4084409725,2.09680334398554,0.562102821225246,3.63374589529128,-2.68740347092188
AR-trend-bound,2019Q3,2019Q4,2020Q3,1.215720955,1.80935007708391,0.330232659262671,3.27635748070971,-1.03254267381349
AR-trend-bound,2019Q4,2020Q1,2020Q4,1.2346176775,2.08930177551123,0.602840896627647,3.5753640606429,-1.35263141740708
AR-trend-bound,2020Q1,2020Q2,2021Q1,1.884879235,1.8326932508115,0.413031199892253,3.21478843942766,-0.643735518338346
AR-trend-bound,2020Q2,2020Q3,2021Q2,4.6720938125,0.810696456157937,-2.36568473979209,3.68959523110633,-3.98658911079642
AR-trend-bound,2020Q3,2020Q4,2021Q3,5.1164117325,2.00490779662943,-0.886365021200699,5.00793048870631,-3.2258289218771
AR-trend-bound,2020Q4,2021Q1,2021Q4,6.552029305,1.92265426666032,-0.885400331956146,4.76628636243095,-4.74962166179635
AR-trend-bound,2021Q1,2021Q2,2022Q1,7.71855149,2.07054913977975,-0.499278367673123,4.63172510874497,-6.18450029807563
AR-trend-bound,2021Q2,2021Q3,2022Q2,8.2362932275,2.60403811837326,-0.772721594440937,6.09819237630016,-4.905375518399
AR-trend-bound,2021Q3,2021Q4,2022Q3,7.96621029,2.71070934385085,-0.832728833994815,6.3301060106521,-4.52314133185635
AR-trend-bound,2021Q4,2022Q1,2022Q4,6.8517657925,3.35331426899194,-0.897401955741316,7.82305432178521,-2.98706840160758
AR-trend-bound,2022Q1,2022Q2,2023Q1,5.57170678,3.80341538623809,-0.936018994550968,8.76378403530058,-2.19867592297756
AR-trend-bound,2022Q2,2022Q3,2023Q2,3.96430864,4.53236390497078,-0.56378559037834,9.87684825328414,-1.97508695064272
AR-trend-bound,2022Q3,2022Q4,2023Q3,3.503938185,3.23081271549662,-1.28976280019474,7.74482369553015,-1.79392263514644
AR-trend-bound,2022Q4,2023Q1,2023Q4,3.18231896,2.98526169127557,-1.17256796485626,7.10710917335681,-1.68746610557893
AR-trend-bound,2023Q1,2023Q2,2024Q1,3.19284311,2.86940666511667,-0.896856940359048,6.5859354520465,-1.59029319975826
AR-trend-bound,2023Q2,2023Q3,2024Q2,3.141650205,2.63200785286989,-0.835555816553832,6.03705705098771,-1.53332741943195
AR-trend-bound,2023Q3,2023Q4,2024Q3,2.62291084,2.91415869982675,-0.232517411375926,5.98586630530737,-1.40890621470499
AR-trend-bound,2023Q4,2024Q1,2024Q4,2.68674916,2.70270345959434,-0.106150743942216,5.43369597072065,-1.24862171110882
AR-trend-bound,2024Q1,2024Q2,2025Q1,2.687539325,3.02555525191377,0.406218518079431,5.55226784290631,-1.25062068845206
AR-trend-bound,2024Q2,2024Q3,2025Q2,2.43123167,2.6683373859223,0.305967882297686,4.9577868243379,-1.13071911112804
AR-trend-bound,2024Q3,2024Q4,2025Q3,2.860135085,2.03746525695332,-0.378619389801643,4.39646163269692,-1.39632727891355
CCK,1999Q4,2000Q1,2000Q4,3.38553734,2.38295200225035,1.50223469923781,3.25944152780175,-2.22386913175997
CCK,2000Q1,2000Q2,2001Q1,3.3529152325,2.56091886172533,1.48885066629591,3.65186054076755,-1.36154849567063
CCK,2000Q2,2000Q3,2001Q2,3.270828055,2.47957223759534,1.48172974703249,3.47368784803734,-1.41672688646227
CCK,2000Q3,2000Q4,2001Q3,2.642990615,2.60518374471226,1.55678476796858,3.64702322863037,-0.371606401774667
CCK,2000Q4,2001Q1,2001Q4,1.8575211875,2.5686378393772,1.55694921400832,3.55055391125399,-1.25791675481731
CCK,2001Q1,2001Q2,2002Q1,1.2242360275,2.67564572744436,1.56209955729547,3.79182410315738,-2.91121037511699
CCK,2001Q2,2001Q3,2002Q2,1.3086745,2.52115809074858,1.48463095880895,3.51372150084848,-2.47458542618658
CCK,2001Q3,2001Q4,2002Q3,1.56398645,2.29142612239136,1.12871574684287,3.40446653815857,-1.23337833263048
CCK,2001Q4,2002Q1,2002Q4,2.22850448,1.99715580241824,0.478387923054298,3.43518792609387,-0.743560333446183
CCK,2002Q1,2002Q2,2003Q1,2.93297792,2.10564876814546,0.712717303736641,3.47010024289643,-1.30237409934728
CCK,2002Q2,2002Q3,2003Q2,1.986089555,2.42019230715119,1.02132703715784,3.84591711113137,-0.831835984053812
CCK,2002Q3,2002Q4,2003Q3,2.1926696075,2.31211129592705,0.948893209583604,3.66821516906214,-0.620991129302229
CCK,2002Q4,2003Q1,2003Q4,1.9820632475,2.32242023219906,1.08464302939931,3.57272069521727,-0.668376298083042
CCK,2003Q1,2003Q2,2004Q1,1.8015259325,2.58905890041113,1.14678503261396,4.09987040383696,-1.21519397001758
CCK,2003Q2,2003Q3,2004Q2,2.74777097,2.04926740140399,0.245739116913757,3.76007437384519,-1.1438090632889
CCK,2003Q3,2003Q4,2004Q3,2.6397109675,2.37376686190195,0.693978678994589,4.07572634982326,-0.884710516833538
CCK,2003Q4,2004Q1,2004Q4,3.3289192825,2.21742164280651,0.503379265077621,3.90231074549275,-1.6616740499996
CCK,2004Q1,2004Q2,2005Q1,2.99002225,2.32914245629639,0.815146632782641,3.86878761373883,-1.12871556447352
CCK,2004Q2,2004Q3,2005Q2,2.881037325,2.34291407170731,0.800967492312846,3.89900153151967,-0.998377256237193
CCK,2004Q3,2004Q4,2005Q3,3.74860368,2.35108410507224,0.974214192297523,3.73936608750246,-2.37226852603079
CCK,2004Q4,2005Q1,2005Q4,3.608771245,2.50277600998796,0.937403381451625,4.10022740688795,-1.72569109984568
CCK,2005Q1,2005Q2,2006Q1,3.6243864925,2.32061861016937,0.896823493626714,3.71882494119838,-2.14365903401617
CCK,2005Q2,2005Q3,2006Q2,3.84922604,2.33192870226814,0.967607199016017,3.69423647312388,-2.61863417772483
CCK,2005Q3,2005Q4,2006Q3,3.2855452525,2.62068822046188,0.649759206713857,4.69765650268517,-1.27941830312953
CCK,2005Q4,2006Q1,2006Q4,1.94633109,2.43705930793436,0.64833605179904,4.23333927348762,-1.04367217326899
CCK,2006Q1,2006Q2,2007Q1,2.4025571325,2.28936543915221,0.476466234338056,4.05129857127132,-0.871518610569639
CCK,2006Q2,2006Q3,2007Q2,2.6303865225,2.38978969505286,0.612288590538372,4.15604728923167,-0.895333786038557
CCK,2006Q3,2006Q4,2007Q3,2.32181072,2.50052353871691,0.891725416366295,4.11272526614809,-0.795157997243835
CCK,2006Q4,2007Q1,2007Q4,3.952006005,2.01714765051307,-0.334643250241905,4.24151427644836,-2.38298291616975
CCK,2007Q1,2007Q2,2008Q1,4.0537494125,2.4030824958997,0.238710059503228,4.5781944675342,-2.14913100645573
CCK,2007Q2,2007Q3,2008Q2,4.2201087775,2.4470548665534,0.234446062105918,4.70253946545784,-2.29173521285399
CCK,2007Q3,2007Q4,2008Q3,5.1192057675,2.33306200109087,0.260768966877271,4.39438219985691,-3.68429570796471
CCK,2007Q4,2008Q1,2008Q4,1.5832037325,2.40478403326367,0.274859233397443,4.54261999567726,-1.36700779305585
CCK,2008Q1,2008Q2,2009Q1,-0.18440671,2.43564043862419,0.267351363305515,4.62782067147903,-3.33849484612175
CCK,2008Q2,2008Q3,2009Q2,-0.946606255,2.60983878110457,0.42093901371551,4.824458535524,-4.51478512797784
CCK,2008Q3,2008Q4,2009Q3,-1.62000756,2.86324197033522,0.218137265913399,5.6715255489257,-4.93752194972555
CCK,2008Q4,2009Q1,2009Q4,1.47669931,1.63208556621985,-3.2610300893606,6.26115920786857,-1.87670120078593
CCK,2009Q1,2009Q2,2010Q1,2.3253236,1.93330715866535,-2.82297149953137,6.58619012590925,-1.85831251947626
CCK,2009Q2,2009Q3,2010Q2,1.759699635,2.32110190204618,-2.05039623125001,6.6843413131725,-1.80156215743311
CCK,2009Q3,2009Q4,2010Q3,1.1957044675,2.34738655776349,-1.87375986340779,6.60010817612408,-1.88740692402394
CCK,2009Q4,2010Q1,2010Q4,1.2222834875,2.26939533884389,-1.62881361901427,6.19047566891628,-1.79912221360122
CCK,2010Q1,2010Q2,2011Q1,2.12546869,2.16652724278324,-1.39122971709427,5.70616505420284,-1.52856808457257
CCK,2010Q2,2010Q3,2011Q2,3.29134256,2.11432581310585,-1.34934328992917,5.5524560617943,-1.77844316888476
CCK,2010Q3,2010Q4,2011Q3,3.6485737425,2.10556525515667,-1.16942930958501,5.36041042418332,-1.96784422419762
CCK,2010Q4,2011Q1,2011Q4,3.29000849,2.20209680540467,-0.7510025836847,5.17674414250153,-1.68420961440343
CCK,2011Q1,2011Q2,2012Q1,2.790037305,2.34307763060124,-0.520588611446354,5.27951567007372,-1.38712386165454
CCK,2011Q2,2011Q3,2012Q2,1.870318295,2.48948981915218,-0.277500478558443,5.29137536933287,-1.39680165898811
CCK,2011Q3,2011Q4,2012Q3,1.67082339,2.305870133832,-0.193064221346774,4.80084665355782,-1.32956953523478
CCK,2011Q4,2012Q1,2012Q4,1.88567667,2.20488623756763,-0.0900218355658627,4.48090644061126,-1.11859488560203
CCK,2012Q1,2012Q2,2013Q1,1.725233765,2.18811693743457,0.148414048513926,4.21742975981396,-1.08167809994637
CCK,2012Q2,2012Q3,2013Q2,1.404809445,2.12139435444266,0.169712912452898,4.03983665387947,-1.27158661922343
CCK,2012Q3,2012Q4,2013Q3,1.4937413525,2.15952737825144,0.409661871495218,3.90503872254899,-1.17766736580119
CCK,2012Q4,2013Q1,2013Q4,1.2000751225,2.19703583780338,0.612750562046518,3.79775828946425,-1.61073480249394
CCK,2013Q1,2013Q2,2014Q1,1.4197812,1.99903510685399,0.532638359748521,3.45344074670412,-1.0306823869758
CCK,2013Q2,2013Q3,2014Q2,2.05899997,1.82188118434831,-0.131697967501555,3.70228449600963,-0.944801928605925
CCK,2013Q3,2013Q4,2014Q3,1.7751212225,2.12061093637465,0.432817981064876,3.83496261151251,-0.875587359119651
CCK,2013Q4,2014Q1,2014Q4,1.15728322,2.11415800610576,0.499997323834445,3.72689118013251,-1.51874558328219
CCK,2014Q1,2014Q2,2015Q1,-0.1129569325,2.17987348080374,0.776413211526468,3.60362832002256,-4.05296835117856
CCK,2014Q2,2014Q3,2015Q2,0.0370032474999999,2.11969609763471,0.860665675384017,3.39780938848444,-3.99096229326269
CCK,2014Q3,2014Q4,2015Q3,0.15848531,1.96670882820524,0.706296209043463,3.2214044974776,-3.43004516945563
CCK,2014Q4,2015Q1,2015Q4,0.3996702375,1.66716473855455,-0.167370462637298,3.42561361040527,-1.87269727243376
CCK,2015Q1,2015Q2,2016Q1,0.98694863,1.32115583549136,-1.40270159598148,3.81470243038392,-1.32570011047325
CCK,2015Q2,2015Q3,2016Q2,1.10391699,2.06165003824557,-0.24288054945555,4.40784838659271,-1.48327655613834
CCK,2015Q3,2015Q4,2016Q3,1.1505038125,1.89678146639906,-0.243125885988219,4.05624914466949,-1.30925265985421
CCK,2015Q4,2016Q1,2016Q4,1.7908480125,1.75315270256042,-0.459889884639511,3.91541138892728,-1.04676458795391
CCK,2016Q1,2016Q2,2017Q1,2.554230555,1.70503412311722,-0.573463884498811,3.92626434397454,-1.38850700335402
CCK,2016Q2,2016Q3,2017Q2,1.872938725,2.03111525794059,-0.125210799302296,4.2465194535504,-1.05183369268658
CCK,2016Q3,2016Q4,2017Q3,1.9262671075,1.94422062067298,-0.0772090138166091,3.96819500719598,-0.955959168349111
CCK,2016Q4,2017Q1,2017Q4,2.085873845,2.02033609493385,0.105901604284681,3.97156483544536,-0.905776133368684
CCK,2017Q1,2017Q2,2018Q1,2.223709235,2.12004818277503,0.353354487751952,3.92938181998558,-0.834479509349988
CCK,2017Q2,2017Q3,2018Q2,2.6513328525,1.84161054787163,-0.0211500682798265,3.66516703899634,-1.30804267823346
CCK,2017Q3,2017Q4,2018Q3,2.57546497,1.95654416645846,0.347124984323846,3.57278390104808,-1.09985231761553
CCK,2017Q4,2018Q1,2018Q4,2.189375965,2.07162514545539,0.499826294148881,3.69325765363517,-0.741009634712418
CCK,2018Q1,2018Q2,2019Q1,1.616880545,2.20716892518145,0.519413381538097,3.96651893916782,-1.04831671737519
CCK,2018Q2,2018Q3,2019Q2,1.8059773525,2.04032755786423,0.603124134874677,3.47296135481345,-0.690154022716359
CCK,2018Q3,2018Q4,2019Q3,1.7342738725,1.91678306608043,0.495565878092207,3.32981296938268,-0.6305210295033
CCK,2018Q4,2019Q1,2019Q4,2.0278838825,1.93498323060018,0.747737981547507,3.1242667065414,-0.421527867438143
CCK,2019Q1,2019Q2,2020Q1,2.121112185,1.8163155170722,0.609683077999291,3.00693267744967,-0.588708016596341
CCK,2019Q2,2019Q3,2020Q2,0.4084409725,2.06667632794365,0.869057600229126,3.29720559495322,-3.24242447639855
CCK,2019Q3,2019Q4,2020Q3,1.215720955,1.93036376555308,0.77023809000892,3.08516774503181,-1.2274813069197
CCK,2019Q4,2020Q1,2020Q4,1.2346176775,2.00988079424536,0.865605661814388,3.1870580673256,-1.33555087581035
CCK,2020Q1,2020Q2,2021Q1,1.884879235,1.92092574890375,0.839412363379474,2.98254105982975,-0.338723321281608
CCK,2020Q2,2020Q3,2021Q2,4.6720938125,1.35559988977505,-1.37088173230791,3.88767495244351,-3.74965915995443
CCK,2020Q3,2020Q4,2021Q3,5.1164117325,2.00382478480451,-0.486080313862552,4.5587189044014,-3.53799203536058
CCK,2020Q4,2021Q1,2021Q4,6.552029305,2.06135277689234,-0.364594984030226,4.52043703908899,-5.10485867789106
CCK,2021Q1,2021Q2,2022Q1,7.71855149,2.08304422329052,-0.30720947339292,4.51416321654367,-6.31343469554425
CCK,2021Q2,2021Q3,2022Q2,8.2362932275,2.35614149797656,-0.703231245295284,5.54999453831368,-5.41815326893898
CCK,2021Q3,2021Q4,2022Q3,7.96621029,2.41829830894212,-0.729789411153184,5.68897594172226,-5.06510236883489
CCK,2021Q4,2022Q1,2022Q4,6.8517657925,3.13163336997803,-0.872423300785872,7.41120540871677,-3.16608051530681
CCK,2022Q1,2022Q2,2023Q1,5.57170678,3.41398463635317,-0.923331358510433,8.05508675045749,-2.34117265103514
CCK,2022Q2,2022Q3,2023Q2,3.96430864,3.9657263080563,-0.80143027160201,9.01159391956645,-1.90416084762036
CCK,2022Q3,2022Q4,2023Q3,3.503938185,3.07552807952101,-1.29840152603693,7.53862550239363,-1.79648015416534
CCK,2022Q4,2023Q1,2023Q4,3.18231896,2.76664717085357,-1.22052593763214,6.77495228120547,-1.67989364273333
CCK,2023Q1,2023Q2,2024Q1,3.19284311,2.55857306400228,-1.11245167025002,6.27398562529651,-1.64702186832993
CCK,2023Q2,2023Q3,2024Q2,3.141650205,2.3632582337196,-0.985929568458274,5.73519841244623,-1.60517650775478
CCK,2023Q3,2023Q4,2024Q3,2.62291084,2.55783898681144,-0.508221491985041,5.67279929111194,-1.35249986086797
CCK,2023Q4,2024Q1,2024Q4,2.68674916,2.42422313511471,-0.273111965937715,5.14280541036764,-1.22273467461908
CCK,2024Q1,2024Q2,2025Q1,2.687539325,2.59628075335122,0.109303100902592,5.12822151692672,-1.14412734501245
CCK,2024Q2,2024Q3,2025Q2,2.43123167,2.35142846685511,0.0880205717080737,4.63328057020126,-1.0029496975857
CCK,2024Q3,2024Q4,2025Q3,2.860135085,1.84899270307061,-0.450960365320477,4.07969961823928,-1.53263545025095
